video_id,title,channel_title,trending_date,views,likes,comment_count,engagement_rate,view_zscore,like_zscore,comment_zscore,is_anomaly
KiBS-dbv_x0,Cardi B Showed Ellen How She Got Pregnant,TheEllenShow,18.23.04,10523399,282075,10352,2.68,6.77,6.16,2.64,true
2z3EUY1aXdY,Justin Timberlake’s FULL Pepsi Super Bowl LII Halftime Show! | NFL Highlights,NFL,18.08.02,11154250,150451,29640,1.35,6.43,6.41,5.09,true
2z3EUY1aXdY,Justin Timberlake’s FULL Pepsi Super Bowl LII Halftime Show! | NFL Highlights,NFL,18.07.02,10226518,143105,28220,1.4,5.84,6.07,4.81,true
CMA2iF6RuXk,Fergie's national anthem draws criticism | ESPN,ESPN,18.20.02,2762839,14362,21507,0.52,5.84,2.6,9.59,true
KiBS-dbv_x0,Cardi B Showed Ellen How She Got Pregnant,TheEllenShow,18.22.04,9225029,251744,9463,2.73,5.82,5.41,2.36,true
VlZ1SWLBfPE,The Truth About Where Hair Extensions Come From | Shady | Refinery29,Refinery29,18.14.06,2756607,139611,7439,5.06,5.72,5.42,5.39,true
7rOQv_6L9fQ,Why the triple axel is such a big deal,Vox,18.15.02,2494584,35785,2486,1.43,5.66,1.76,-0.13,true
HrQNdClwMs4,DIY GIANT McDONALDS HASH BROWN 🍟 - VERSUS,HellthyJunkFood,18.17.05,2375055,29334,4080,1.24,5.48,3.31,2.61,true
_EvMYEfF_hQ,Stranger Things Cast Answer the Web's Most Searched Questions | WIRED,WIRED,17.28.11,13025011,436454,31464,3.35,5.38,4.96,5.06,true
O6BODAJVYc8,"2017, in 7 minutes",Vox,18.03.01,2398601,89696,20315,3.74,5.37,6.81,5.32,true
VlZ1SWLBfPE,The Truth About Where Hair Extensions Come From | Shady | Refinery29,Refinery29,18.13.06,2556225,133137,7094,5.21,5.28,5.16,5.12,true
KONe4SNFA64,Rihanna's Epic 10-Minute Guide to Going Out Makeup | Beauty Secrets | Vogue,Vogue,18.14.05,9233435,605954,26319,6.56,5.25,4.46,3.73,true
_EvMYEfF_hQ,Stranger Things Cast Answer the Web's Most Searched Questions | WIRED,WIRED,17.27.11,12667200,429398,31121,3.39,5.21,4.87,5.0,true
Gs26bZTRkdU,8 Survival Myths That Will Definitely Make Things Worse,SciShow,18.14.06,979732,29038,2584,2.96,5.08,4.28,1.73,true
Gs26bZTRkdU,8 Survival Myths That Will Definitely Make Things Worse,SciShow,18.13.06,974247,28898,2560,2.97,5.04,4.25,1.7,true
c8W-auqg024,"We Sent Garlic Bread to the Edge of Space, Then Ate It",Tom Scott,18.06.05,7349435,209009,28835,2.84,4.98,4.63,4.46,true
f2MZnJlDJ4c,Kevin Hart Leads 2018 NBA All-Star Game Introductions | Team LeBron & Team Stephen,NBA,18.26.02,2684509,23689,2662,0.88,4.96,4.19,3.94,true
7bfS6seiLhk,The Kissing Booth | Official Trailer [HD] | Netflix,Netflix,18.14.05,7308023,144410,5790,1.98,4.94,3.29,1.12,true
_EvMYEfF_hQ,Stranger Things Cast Answer the Web's Most Searched Questions | WIRED,WIRED,17.26.11,12087480,419216,31446,3.47,4.94,4.74,5.06,true
7iQn-toQp6A,Benjamin Glaze Auditions for American Idol With Nick Jonas' Levels - American Idol 2018 on ABC,American Idol,18.19.03,6535720,16788,5000,0.26,4.93,-0.73,2.98,true
SbjnIK6VEjc,Yanny or Laurel: Which do you hear?,CBS This Morning,18.31.05,3225560,11933,8029,0.37,4.92,2.31,2.4,true
SbjnIK6VEjc,Yanny or Laurel: Which do you hear?,CBS This Morning,18.30.05,3220711,11917,8027,0.37,4.91,2.3,2.4,true
HrQNdClwMs4,DIY GIANT McDONALDS HASH BROWN 🍟 - VERSUS,HellthyJunkFood,18.16.05,2170502,27734,3928,1.28,4.88,3.01,2.44,true
f2MZnJlDJ4c,Kevin Hart Leads 2018 NBA All-Star Game Introductions | Team LeBron & Team Stephen,NBA,18.25.02,2645867,23474,2650,0.89,4.87,4.14,3.91,true
3BJU2drrtCM,How a TV Works in Slow Motion - The Slow Mo Guys,The Slow Mo Guys,18.25.01,11188382,481888,19790,4.31,4.84,5.0,4.23,true
6_-b3U9QDKg,Helping the Police Find a Gun Underwater to Solve a Criminal Case! (Metal Detecting Underwater),DALLMYD,18.14.05,4478472,83646,6091,1.87,4.79,3.98,3.86,true
KiBS-dbv_x0,Cardi B Showed Ellen How She Got Pregnant,TheEllenShow,18.21.04,7804127,225931,8369,2.9,4.77,4.78,2.03,true
f2MZnJlDJ4c,Kevin Hart Leads 2018 NBA All-Star Game Introductions | Team LeBron & Team Stephen,NBA,18.24.02,2593991,23122,2587,0.89,4.76,4.06,3.8,true
OrnpSe4OChM,Mean Tweets – Avengers Edition,Jimmy Kimmel Live,18.03.05,8751813,215764,15989,2.47,4.7,6.09,2.62,true
2z3EUY1aXdY,Justin Timberlake’s FULL Pepsi Super Bowl LII Halftime Show! | NFL Highlights,NFL,18.06.02,8313413,123302,28398,1.48,4.61,5.15,4.84,true
f2MZnJlDJ4c,Kevin Hart Leads 2018 NBA All-Star Game Introductions | Team LeBron & Team Stephen,NBA,18.23.02,2517992,22560,2552,0.9,4.6,3.94,3.73,true
3BJU2drrtCM,How a TV Works in Slow Motion - The Slow Mo Guys,The Slow Mo Guys,18.24.01,10727660,468294,19391,4.37,4.59,4.84,4.12,true
_EvMYEfF_hQ,Stranger Things Cast Answer the Web's Most Searched Questions | WIRED,WIRED,17.25.11,11307303,405859,30726,3.59,4.58,4.57,4.93,true
7iQn-toQp6A,Benjamin Glaze Auditions for American Idol With Nick Jonas' Levels - American Idol 2018 on ABC,American Idol,18.18.03,6151213,15607,4350,0.25,4.55,-0.88,2.24,true
0XuOkYlUWIs,13 Reasons Why: Season 2 | Official Trailer [HD] | Netflix,Netflix,18.15.05,6760593,229250,22123,3.39,4.51,5.56,5.96,true
1C9STKF0Lv4,Cristiano Ronaldo's ridiculous bicycle kick vs. Juventus in UEFA Champions League | ESPN FC,ESPN,18.06.04,2248120,31981,1980,1.42,4.5,7.29,0.03,true
O6BODAJVYc8,"2017, in 7 minutes",Vox,18.02.01,2113854,83213,22375,3.94,4.5,6.2,5.95,true
rFAddL8g8mw,I Went To Japan To Make The Most Difficult Omelet,Tasty,18.07.06,5065000,181845,10202,3.59,4.39,4.51,4.91,true
fEqzx-36pOo,Camila Cabello - Havana ft. Miranda Sings (Tana Mongeau Parody),Miranda Sings,17.14.12,1881309,95216,7689,5.06,4.32,4.37,3.69,true
jPEYpryMp2s,Solo: A Star Wars Story Official Trailer,Star Wars,18.16.04,10271274,183101,34633,1.78,4.32,3.88,3.56,true
f2MZnJlDJ4c,Kevin Hart Leads 2018 NBA All-Star Game Introductions | Team LeBron & Team Stephen,NBA,18.22.02,2380343,21651,2501,0.91,4.3,3.73,3.64,true
VlZ1SWLBfPE,The Truth About Where Hair Extensions Come From | Shady | Refinery29,Refinery29,18.12.06,2108182,115922,6072,5.5,4.29,4.45,4.32,true
HrQNdClwMs4,DIY GIANT McDONALDS HASH BROWN 🍟 - VERSUS,HellthyJunkFood,18.15.05,1957964,25829,3698,1.32,4.27,2.65,2.17,true
HrQNdClwMs4,DIY GIANT McDONALDS HASH BROWN 🍟 - VERSUS,HellthyJunkFood,18.15.05,1957964,25829,3698,1.32,4.27,2.65,2.17,true
c8W-auqg024,"We Sent Garlic Bread to the Edge of Space, Then Ate It",Tom Scott,18.05.05,6354355,189390,26776,2.98,4.23,4.12,4.1,true
_rB36UGoP4Y,Cobra Kai Ep 1 - “Ace Degenerate” - The Karate Kid Saga Continues,Cobra Kai,18.04.05,7627332,73086,11318,0.96,4.18,4.54,2.81,true
jPEYpryMp2s,Solo: A Star Wars Story Official Trailer,Star Wars,18.15.04,9971343,181127,34085,1.82,4.17,3.83,3.5,true
_QWZvU7VCn8,Brad Pitt Bid $120k For A Night With Emilia Clarke!  | The Graham Norton Show,The Graham Norton Show,18.14.06,5564576,46351,2861,0.83,4.17,2.39,2.77,true
L3ymBk6Vb04,Avengers: Infinity War Cast Sings The Marvel Bunch,The Tonight Show Starring Jimmy Fallon,18.02.05,8408515,331934,12519,3.95,4.17,5.81,3.51,true
0XuOkYlUWIs,13 Reasons Why: Season 2 | Official Trailer [HD] | Netflix,Netflix,18.13.05,6295801,221316,21259,3.52,4.15,5.35,5.71,true
p8XP7A7kvzM,Spill Your Guts or Fill Your Guts w/ Kim Kardashian,The Late Late Show with James Corden,17.21.11,11217517,216489,11975,1.93,4.12,1.9,1.52,true
wzKL-bQKcgA,Anitta & J Balvin - Downtown (Official Lyric Video) ft. Lele Pons & Juanpa Zurita,Lele Pons,17.21.12,17758014,865679,45223,4.87,4.11,3.81,3.57,true
_EvMYEfF_hQ,Stranger Things Cast Answer the Web's Most Searched Questions | WIRED,WIRED,17.24.11,10311506,388862,27036,3.77,4.11,4.35,4.27,true
3BJU2drrtCM,How a TV Works in Slow Motion - The Slow Mo Guys,The Slow Mo Guys,18.23.01,9820768,439810,19371,4.48,4.1,4.48,4.11,true
rFAddL8g8mw,I Went To Japan To Make The Most Difficult Omelet,Tasty,18.06.06,4785038,176459,9917,3.69,4.07,4.33,4.74,true
0EPY1CKFecs,The True Messed Up Story of Pocahontas,CollegeHumor,18.03.04,2958978,66699,9692,2.25,4.05,2.65,3.57,true
jPEYpryMp2s,Solo: A Star Wars Story Official Trailer,Star Wars,18.14.04,9687513,179419,33714,1.85,4.04,3.79,3.45,true
7rOQv_6L9fQ,Why the triple axel is such a big deal,Vox,18.14.02,1960257,31767,3169,1.62,4.04,1.39,0.08,true
c8W-auqg024,"We Sent Garlic Bread to the Edge of Space, Then Ate It",Tom Scott,18.04.05,6031937,182598,25949,3.03,3.98,3.94,3.96,true
7iQn-toQp6A,Benjamin Glaze Auditions for American Idol With Nick Jonas' Levels - American Idol 2018 on ABC,American Idol,18.17.03,5544823,13961,3739,0.25,3.95,-1.1,1.54,true
0EPY1CKFecs,The True Messed Up Story of Pocahontas,CollegeHumor,18.02.04,2904076,65686,10822,2.26,3.94,2.57,4.14,true
4kDklB6-69Q,Poo Bear ft. Justin Bieber & Jay Electronica - Hard 2 Face Reality (Lyric Video),Hannah Stocking,18.24.04,29178096,825258,60709,2.83,3.94,3.41,3.12,true
J_CFBjAyPWE,Red Velvet 레드벨벳 'Bad Boy' MV,SMTOWN,18.04.02,21594339,1072246,128809,4.97,3.94,2.21,2.21,true
f2MZnJlDJ4c,Kevin Hart Leads 2018 NBA All-Star Game Introductions | Team LeBron & Team Stephen,NBA,18.21.02,2197143,20457,2352,0.93,3.9,3.47,3.36,true
IBVo8dfqTBc,Rey Mysterio makes a shocking return in the Royal Rumble Match: Royal Rumble 2018 (WWE Network),WWE,18.04.02,11509602,191913,18854,1.67,3.89,4.77,3.05,true
KONe4SNFA64,Rihanna's Epic 10-Minute Guide to Going Out Makeup | Beauty Secrets | Vogue,Vogue,18.08.05,7197522,518614,23409,7.21,3.88,3.71,3.24,true
p8XP7A7kvzM,Spill Your Guts or Fill Your Guts w/ Kim Kardashian,The Late Late Show with James Corden,17.20.11,10663409,210255,11227,1.97,3.88,1.82,1.38,true
dNW0B0HsvVs,Solo: A Star Wars Story Official Teaser,Star Wars,18.09.02,9328292,186188,40520,2.0,3.87,3.96,4.25,true
c8W-auqg024,"We Sent Garlic Bread to the Edge of Space, Then Ate It",Tom Scott,18.03.05,5872967,179163,25567,3.05,3.86,3.86,3.89,true
EeNrUTiwZVw,Best & Worst Dressed 2018 Golden Globes (Dirty Laundry),Clevver Style,18.13.01,937309,17167,2043,1.83,3.81,1.42,2.98,true
0EPY1CKFecs,The True Messed Up Story of Pocahontas,CollegeHumor,18.01.04,2838481,64690,10720,2.28,3.81,2.5,4.09,true
c8W-auqg024,"We Sent Garlic Bread to the Edge of Space, Then Ate It",Tom Scott,18.02.05,5753287,176744,25233,3.07,3.77,3.79,3.84,true
5LoBGoQPUNc,Jennifer Lawrence Takes a Lie Detector Test | Vanity Fair,Vanity Fair,18.14.03,6438646,124860,9283,1.94,3.76,3.09,3.37,true
0XuOkYlUWIs,13 Reasons Why: Season 2 | Official Trailer [HD] | Netflix,Netflix,18.12.05,5784740,209646,20196,3.62,3.75,5.04,5.39,true
L3ymBk6Vb04,Avengers: Infinity War Cast Sings The Marvel Bunch,The Tonight Show Starring Jimmy Fallon,18.01.05,7654009,307706,11669,4.02,3.72,5.34,3.22,true
4kDklB6-69Q,Poo Bear ft. Justin Bieber & Jay Electronica - Hard 2 Face Reality (Lyric Video),Hannah Stocking,18.23.04,27675156,803168,59864,2.9,3.7,3.3,3.06,true
5LoBGoQPUNc,Jennifer Lawrence Takes a Lie Detector Test | Vanity Fair,Vanity Fair,18.13.03,6344018,123690,9198,1.95,3.69,3.05,3.33,true
Tz5L-rNWZBs,Stephen Goes Live After Trump's State Of The Union,The Late Show with Stephen Colbert,18.01.02,2390395,30286,10766,1.27,3.67,3.41,6.32,true
vn9mMeWcgoM,Jurassic World: Fallen Kingdom - Official Trailer [HD],Universal Pictures,17.15.12,38070298,550348,50935,1.45,3.67,3.23,2.3,true
dNW0B0HsvVs,Solo: A Star Wars Story Official Teaser,Star Wars,18.08.02,8880884,181666,39565,2.05,3.66,3.85,4.14,true
X6iJ0hPpGec,Learn to Break a Glass with Your Voice || Learn Quick,Mike Boyd,17.11.12,1332449,49673,5017,3.73,3.65,3.36,3.56,true
c8W-auqg024,"We Sent Garlic Bread to the Edge of Space, Then Ate It",Tom Scott,18.01.05,5587427,173322,24824,3.1,3.64,3.71,3.77,true
iN8zmmCRqUA,$3 Fries Vs. $100 Fries,BuzzFeedVideo,18.26.05,8403143,161689,20545,1.92,3.64,3.06,3.12,true
P3Bd3HUMkyU,First Look at Nintendo Labo,Nintendo,18.25.01,10256746,268212,60028,2.61,3.63,3.38,2.62,true
5LoBGoQPUNc,Jennifer Lawrence Takes a Lie Detector Test | Vanity Fair,Vanity Fair,18.12.03,6252781,122116,9111,1.95,3.62,2.99,3.29,true
IBVo8dfqTBc,Rey Mysterio makes a shocking return in the Royal Rumble Match: Royal Rumble 2018 (WWE Network),WWE,18.03.02,10878906,185763,18783,1.71,3.61,4.57,3.04,true
0bSE-rh7jFg,When the girl you're wrestling has a tough little brother  - 979280,RM Videos,17.19.12,817094,854,139,0.1,3.56,0.41,0.34,true
Hvysy11716g,Why We Pick Difficult Partners,The School of Life,18.06.02,752354,29849,1222,3.97,3.55,3.4,1.15,true
TudhYwBrgYg,Pastry Chef Attempts To Make Gourmet Skittles | Gourmet Makes | Bon Appétit,Bon Appétit,18.13.06,4116870,96499,8172,2.34,3.54,3.53,3.41,true
QbDuBTWrU-o,My House Burned Down,William Osman,17.12.12,1087385,78398,16646,7.21,3.54,3.31,3.57,true
5LoBGoQPUNc,Jennifer Lawrence Takes a Lie Detector Test | Vanity Fair,Vanity Fair,18.11.03,6132841,120122,9075,1.96,3.54,2.93,3.27,true
vn9mMeWcgoM,Jurassic World: Fallen Kingdom - Official Trailer [HD],Universal Pictures,17.14.12,36971093,544117,78613,1.47,3.54,3.18,3.97,true
uBYzYji4rmE,Honest Trailers - Black Panther,Screen Junkies,18.23.05,4812273,112003,16770,2.33,3.54,2.97,2.97,true
L8gV7LSt6sI,Fallout 76 Trailer - E3 2018,IGN,18.14.06,2102111,50978,8722,2.43,3.54,3.77,2.61,true
6ZfuNTqbHE8,Marvel Studios' Avengers: Infinity War Official Trailer,Marvel Entertainment,17.08.12,91933007,2625661,350458,2.86,3.52,3.14,3.22,true
p8XP7A7kvzM,Spill Your Guts or Fill Your Guts w/ Kim Kardashian,The Late Late Show with James Corden,17.19.11,9856767,201286,10718,2.04,3.52,1.72,1.29,true
P3Bd3HUMkyU,First Look at Nintendo Labo,Nintendo,18.24.01,9972694,265753,68628,2.66,3.51,3.34,3.12,true
0EPY1CKFecs,The True Messed Up Story of Pocahontas,CollegeHumor,18.31.03,2682548,62542,10424,2.33,3.5,2.34,3.94,true
4cXsgT3ZcL8,Black Girls React to Tarte Shape Tape Foundation | Jackie Aina,Jackie Aina,18.24.01,2568313,135207,17920,5.26,3.5,2.48,2.24,true
c8W-auqg024,"We Sent Garlic Bread to the Edge of Space, Then Ate It",Tom Scott,18.30.04,5400021,169027,24287,3.13,3.5,3.6,3.67,true
I8Umj580ls0,Trump Claims He Would Have 'Run' Into The School,The Late Show with Stephen Colbert,18.28.02,2311760,34425,9453,1.49,3.5,4.05,5.46,true
_EvMYEfF_hQ,Stranger Things Cast Answer the Web's Most Searched Questions | WIRED,WIRED,17.23.11,8951919,360340,24248,4.03,3.48,3.99,3.77,true
VRJmcxCrAOA,Real Life Trick Shots 2 | Dude Perfect,Dude Perfect,18.30.01,29090799,1017919,51282,3.5,3.48,3.19,2.56,true
iN8zmmCRqUA,$3 Fries Vs. $100 Fries,BuzzFeedVideo,18.25.05,8118796,158858,20320,1.96,3.48,2.99,3.07,true
KONe4SNFA64,Rihanna's Epic 10-Minute Guide to Going Out Makeup | Beauty Secrets | Vogue,Vogue,18.07.05,6604264,490629,22431,7.43,3.48,3.47,3.07,true
0r-zYs6NQu8,What If You Didn't Sleep For A Week? ft. TheOdd1sOut,Life Noggin,18.27.03,1688171,65232,19494,3.86,3.47,4.42,4.85,true
exsOim0Lyl4,President Donald Trump’s State of the Union Address 2018 (Full) | NBC News,NBC News,18.05.02,1799618,22413,5758,1.25,3.47,4.33,3.8,true
3BJU2drrtCM,How a TV Works in Slow Motion - The Slow Mo Guys,The Slow Mo Guys,18.22.01,8611250,398284,18069,4.63,3.45,3.97,3.75,true
QbDuBTWrU-o,My House Burned Down,William Osman,17.11.12,1068653,77351,16451,7.24,3.45,3.25,3.52,true
uBYzYji4rmE,Honest Trailers - Black Panther,Screen Junkies,18.22.05,4741254,111082,16644,2.34,3.45,2.93,2.94,true
5LoBGoQPUNc,Jennifer Lawrence Takes a Lie Detector Test | Vanity Fair,Vanity Fair,18.10.03,6003188,118040,8894,1.97,3.45,2.86,3.19,true
4kDklB6-69Q,Poo Bear ft. Justin Bieber & Jay Electronica - Hard 2 Face Reality (Lyric Video),Hannah Stocking,18.22.04,26063429,778355,58747,2.99,3.44,3.18,2.99,true
NaY91YjVbEM,Musical Genre Challenge with Ariana Grande,The Tonight Show Starring Jimmy Fallon,18.03.05,7172963,265719,14870,3.7,3.44,4.53,4.29,true
exsOim0Lyl4,President Donald Trump’s State of the Union Address 2018 (Full) | NBC News,NBC News,18.04.02,1781503,22171,5508,1.24,3.43,4.28,3.62,true
6ZfuNTqbHE8,Marvel Studios' Avengers: Infinity War Official Trailer,Marvel Entertainment,17.07.12,89930713,2606662,347982,2.9,3.43,3.11,3.19,true
J_CFBjAyPWE,Red Velvet 레드벨벳 'Bad Boy' MV,SMTOWN,18.03.02,19392316,1040557,126148,5.37,3.43,2.1,2.14,true
kton-qrKNLc,Meghan Trainor - No Excuses,MeghanTrainorVEVO,18.16.03,19998243,371137,23556,1.86,3.42,2.52,2.23,true
TudhYwBrgYg,Pastry Chef Attempts To Make Gourmet Skittles | Gourmet Makes | Bon Appétit,Bon Appétit,18.12.06,3995515,94730,7997,2.37,3.41,3.45,3.31,true
4cXsgT3ZcL8,Black Girls React to Tarte Shape Tape Foundation | Jackie Aina,Jackie Aina,18.23.01,2497025,133099,17807,5.33,3.37,2.42,2.21,true
uBYzYji4rmE,Honest Trailers - Black Panther,Screen Junkies,18.21.05,4667964,109941,16446,2.36,3.37,2.88,2.88,true
7bfS6seiLhk,The Kissing Booth | Official Trailer [HD] | Netflix,Netflix,18.07.05,5292777,113889,4299,2.15,3.37,2.47,0.67,true
EhSXsTSNDyo,5 Seconds Of Summer - Want You Back (Official Video),5SOSVEVO,18.14.04,8025153,381842,27379,4.76,3.36,1.61,0.9,true
exsOim0Lyl4,President Donald Trump’s State of the Union Address 2018 (Full) | NBC News,NBC News,18.03.02,1751640,21819,7092,1.25,3.36,4.2,4.79,true
P3Bd3HUMkyU,First Look at Nintendo Labo,Nintendo,18.23.01,9585315,262387,67833,2.74,3.34,3.29,3.07,true
II-OP6vdMs8,"#MeToo Backlash | January 17, 2018 Act 1 | Full Frontal on TBS",Full Frontal with Samantha Bee,18.25.01,1357946,18388,6082,1.35,3.33,3.08,2.27,true
5LoBGoQPUNc,Jennifer Lawrence Takes a Lie Detector Test | Vanity Fair,Vanity Fair,18.09.03,5835993,115373,8875,1.98,3.33,2.77,3.18,true
vn9mMeWcgoM,Jurassic World: Fallen Kingdom - Official Trailer [HD],Universal Pictures,17.13.12,35342725,536651,70272,1.52,3.33,3.13,3.47,true
QbDuBTWrU-o,My House Burned Down,William Osman,17.10.12,1044442,76351,16251,7.31,3.33,3.19,3.47,true
0bSE-rh7jFg,When the girl you're wrestling has a tough little brother  - 979280,RM Videos,17.18.12,773628,804,136,0.1,3.32,0.32,0.31,true
6ZfuNTqbHE8,Marvel Studios' Avengers: Infinity War Official Trailer,Marvel Entertainment,17.06.12,87449453,2584672,341571,2.96,3.31,3.08,3.12,true
fuHcdFPBKy0,YOUTUBERS REACT TO YOUTUBE REWIND 2017,FBE,17.13.12,5319685,95924,12613,1.8,3.3,1.0,0.04,true
iN8zmmCRqUA,$3 Fries Vs. $100 Fries,BuzzFeedVideo,18.24.05,7779877,155355,19897,2.0,3.29,2.9,2.99,true
OQkfDJ2zVNo,Trump Calls Non-White Countries S**tholes: The Daily Show,The Daily Show with Trevor Noah,18.18.01,4089878,63682,33355,1.56,3.28,2.97,3.48,true
IBVo8dfqTBc,Rey Mysterio makes a shocking return in the Royal Rumble Match: Royal Rumble 2018 (WWE Network),WWE,18.02.02,10130930,176613,18134,1.74,3.28,4.28,2.89,true
Gs26bZTRkdU,8 Survival Myths That Will Definitely Make Things Worse,SciShow,18.25.05,732303,23008,2103,3.14,3.28,2.96,1.13,true
NKmGVE85GUU,Why can't you divide by zero? - TED-Ed,TED-Ed,18.04.05,1188777,38810,3104,3.26,3.27,3.31,3.13,true
dNW0B0HsvVs,Solo: A Star Wars Story Official Teaser,Star Wars,18.07.02,8043038,171327,37068,2.13,3.27,3.59,3.85,true
L3ymBk6Vb04,Avengers: Infinity War Cast Sings The Marvel Bunch,The Tonight Show Starring Jimmy Fallon,18.30.04,6893619,282829,10728,4.1,3.27,4.86,2.91,true
k6NTcNFjVjE,Shaun White wins halfpipe gold with epic final run,NBC Sports,18.15.02,1515901,20960,2323,1.38,3.26,5.89,3.03,true
exsOim0Lyl4,President Donald Trump’s State of the Union Address 2018 (Full) | NBC News,NBC News,18.02.02,1706319,21235,6684,1.24,3.26,4.08,4.49,true
wzKL-bQKcgA,Anitta & J Balvin - Downtown (Official Lyric Video) ft. Lele Pons & Juanpa Zurita,Lele Pons,17.20.12,15183821,801481,42374,5.28,3.24,3.42,3.25,true
0XuOkYlUWIs,13 Reasons Why: Season 2 | Official Trailer [HD] | Netflix,Netflix,18.11.05,5127308,193628,18906,3.78,3.24,4.61,5.01,true
0r-zYs6NQu8,What If You Didn't Sleep For A Week? ft. TheOdd1sOut,Life Noggin,18.26.03,1606383,62914,18607,3.92,3.23,4.2,4.57,true
L8gV7LSt6sI,Fallout 76 Trailer - E3 2018,IGN,18.13.06,1964004,49383,8457,2.51,3.23,3.62,2.5,true
Am6NHDbj6XA,Donald Glover on This is America Music Video,Jimmy Kimmel Live,18.20.05,6492425,105915,3623,1.63,3.23,2.56,0.17,true
uBYzYji4rmE,Honest Trailers - Black Panther,Screen Junkies,18.20.05,4539805,107953,16124,2.38,3.22,2.78,2.79,true
t5Lz14wu1uw,ready player one,ProZD,17.19.12,3180207,77590,5718,2.44,3.22,0.71,2.44,true
uA8GdJJqz_s,Physicist Stephen Hawking has died,CNN,18.25.03,3523600,56317,32566,1.6,3.22,3.53,2.16,true
VRJmcxCrAOA,Real Life Trick Shots 2 | Dude Perfect,Dude Perfect,18.29.01,27915532,1001244,50171,3.59,3.21,3.09,2.42,true
TudhYwBrgYg,Pastry Chef Attempts To Make Gourmet Skittles | Gourmet Makes | Bon Appétit,Bon Appétit,18.11.06,3812642,91885,7815,2.41,3.21,3.31,3.21,true
nRafaCcfrcI,73 Questions With Liza Koshy | Vogue,Vogue,17.21.11,6197393,476724,23008,7.69,3.21,3.35,3.17,true
uA8GdJJqz_s,Physicist Stephen Hawking has died,CNN,18.24.03,3512790,56242,32475,1.6,3.21,3.52,2.15,true
QbDuBTWrU-o,My House Burned Down,William Osman,17.09.12,1014674,74889,16121,7.38,3.19,3.1,3.43,true
uA8GdJJqz_s,Physicist Stephen Hawking has died,CNN,18.23.03,3498559,56096,32409,1.6,3.19,3.51,2.14,true
5LoBGoQPUNc,Jennifer Lawrence Takes a Lie Detector Test | Vanity Fair,Vanity Fair,18.08.03,5645974,112406,8661,1.99,3.19,2.67,3.08,true
NKmGVE85GUU,Why can't you divide by zero? - TED-Ed,TED-Ed,18.03.05,1169720,38386,3072,3.28,3.18,3.25,3.08,true
SbrOMrjhyvI,"SERENITY Official Trailer (2018) Matthew McConaughey, Anne Hathaway Movie HD",ONE Media,18.14.06,5587218,33110,4007,0.59,3.18,1.95,1.94,true
uA8GdJJqz_s,Physicist Stephen Hawking has died,CNN,18.22.03,3483180,55954,32268,1.61,3.18,3.5,2.13,true
yDiXQl7grPQ,Do You Hear Yanny or Laurel? (SOLVED with SCIENCE),AsapSCIENCE,18.01.06,42799458,564804,180913,1.32,3.18,3.0,3.04,true
4kDklB6-69Q,Poo Bear ft. Justin Bieber & Jay Electronica - Hard 2 Face Reality (Lyric Video),Hannah Stocking,18.21.04,24404841,753578,57571,3.09,3.18,3.05,2.92,true
-oOlAGKBXnA,I Won't Wear A Jacket,Gus Johnson,17.18.12,1618811,53446,2899,3.3,3.17,2.86,2.71,true
II-OP6vdMs8,"#MeToo Backlash | January 17, 2018 Act 1 | Full Frontal on TBS",Full Frontal with Samantha Bee,18.24.01,1317991,18046,6146,1.37,3.17,2.98,2.3,true
OQkfDJ2zVNo,Trump Calls Non-White Countries S**tholes: The Daily Show,The Daily Show with Trevor Noah,18.17.01,3988288,62784,32865,1.57,3.17,2.91,3.42,true
yDiXQl7grPQ,Do You Hear Yanny or Laurel? (SOLVED with SCIENCE),AsapSCIENCE,18.31.05,42667467,564046,180469,1.32,3.17,3.0,3.03,true
6ZfuNTqbHE8,Marvel Studios' Avengers: Infinity War Official Trailer,Marvel Entertainment,17.05.12,84281319,2555411,339708,3.03,3.17,3.04,3.1,true
EeNrUTiwZVw,Best & Worst Dressed 2018 Golden Globes (Dirty Laundry),Clevver Style,18.12.01,850863,16191,1909,1.9,3.16,1.1,2.62,true
Wzq4qbNRFrw,HIGH SCHOOL IN 2008 VS 2018,Smosh,18.11.06,3205037,84378,7554,2.63,3.15,2.39,1.86,true
uA8GdJJqz_s,Physicist Stephen Hawking has died,CNN,18.21.03,3461818,55771,32161,1.61,3.15,3.49,2.12,true
Am6NHDbj6XA,Donald Glover on This is America Music Video,Jimmy Kimmel Live,18.19.05,6350957,104500,3552,1.65,3.14,2.52,0.16,true
4cXsgT3ZcL8,Black Girls React to Tarte Shape Tape Foundation | Jackie Aina,Jackie Aina,18.22.01,2368648,129352,17477,5.46,3.14,2.31,2.15,true
nWZMfPP34g8,BITTEN by a GIANT DESERT CENTIPEDE!,Brave Wilderness,17.28.12,6187457,178243,42681,2.88,3.13,3.66,3.65,true
yDiXQl7grPQ,Do You Hear Yanny or Laurel? (SOLVED with SCIENCE),AsapSCIENCE,18.30.05,42240836,561273,179053,1.33,3.13,2.98,3.01,true
uA8GdJJqz_s,Physicist Stephen Hawking has died,CNN,18.20.03,3432865,55495,31927,1.62,3.12,3.47,2.1,true
qoPCbB_uGMw,How to Do the Invisible Box Challenge,Inside Edition,17.13.12,1529545,20063,1229,1.31,3.12,2.07,0.2,true
__4c1JCHvaQ,Logic Solves a Rubik's Cube While Eating Spicy Wings | Hot Ones,First We Feast,17.12.12,3645622,188490,20594,5.17,3.12,3.95,3.22,true
D7plDibrP1U,Father on worst nightmare of daughter trapped in school during shooting,CBS News,18.20.02,2591777,12534,12451,0.48,3.12,3.29,2.43,true
P3Bd3HUMkyU,First Look at Nintendo Labo,Nintendo,18.22.01,9092765,256492,66410,2.82,3.12,3.19,2.99,true
TI5bEf-BULU,How Michael B. Jordan's Black Panther Makeup Was Done — Exclusive Behind The Scenes,INSIDER,18.29.05,14890847,142231,6042,0.96,3.12,2.84,2.7,true
s31XTrGJchQ,James Bay - Us,JamesBayVEVO,18.14.05,14444272,115979,2190,0.8,3.11,2.55,1.61,true
Wzq4qbNRFrw,HIGH SCHOOL IN 2008 VS 2018,Smosh,18.10.06,3182327,84075,7546,2.64,3.11,2.37,1.85,true
-oOlAGKBXnA,I Won't Wear A Jacket,Gus Johnson,17.17.12,1591563,52702,2869,3.31,3.1,2.8,2.67,true
yDiXQl7grPQ,Do You Hear Yanny or Laurel? (SOLVED with SCIENCE),AsapSCIENCE,18.29.05,41889604,558953,178012,1.33,3.1,2.96,2.99,true
rYzLh2QuraQ,Match the Dog to Their Owner - Lineup,Cut,18.16.01,2507336,75983,4118,3.03,3.1,3.18,3.13,true
7LjC-nUPrNg,Kids Try 100 Years of the Most Expensive Foods | Bon Appétit,Bon Appétit,18.17.01,3708663,40325,7858,1.09,3.1,0.86,3.24,true
TI5bEf-BULU,How Michael B. Jordan's Black Panther Makeup Was Done — Exclusive Behind The Scenes,INSIDER,18.28.05,14804684,141716,6030,0.96,3.1,2.83,2.69,true
NKmGVE85GUU,Why can't you divide by zero? - TED-Ed,TED-Ed,18.02.05,1149291,37978,3057,3.3,3.09,3.19,3.05,true
rFAddL8g8mw,I Went To Japan To Make The Most Difficult Omelet,Tasty,18.05.06,3947222,155027,8760,3.93,3.09,3.64,4.03,true
oMCijY1XGlQ,Playing Deadpool With Ryan Reynolds!,jacksepticeye,18.09.06,7547432,444203,40677,5.89,3.09,3.04,2.96,true
5ek2W8hUvGw,My Sister in Real Life,itsAlexClark,18.17.05,2500743,86444,6521,3.46,3.08,2.74,1.29,true
oMCijY1XGlQ,Playing Deadpool With Ryan Reynolds!,jacksepticeye,18.08.06,7527138,443487,40639,5.89,3.08,3.03,2.95,true
TudhYwBrgYg,Pastry Chef Attempts To Make Gourmet Skittles | Gourmet Makes | Bon Appétit,Bon Appétit,18.10.06,3693414,89889,7685,2.43,3.08,3.22,3.14,true
FhllRWReNEE,Melting Every Lipstick From Sephora Together,Safiya Nygaard,18.22.04,7645235,402569,383762,5.27,3.08,3.37,4.58,true
uA8GdJJqz_s,Physicist Stephen Hawking has died,CNN,18.19.03,3392787,55082,31457,1.62,3.07,3.44,2.05,true
oMCijY1XGlQ,Playing Deadpool With Ryan Reynolds!,jacksepticeye,18.07.06,7506773,442802,40630,5.9,3.07,3.03,2.95,true
0r-zYs6NQu8,What If You Didn't Sleep For A Week? ft. TheOdd1sOut,Life Noggin,18.25.03,1554217,62068,18162,3.99,3.07,4.12,4.43,true
TI5bEf-BULU,How Michael B. Jordan's Black Panther Makeup Was Done — Exclusive Behind The Scenes,INSIDER,18.26.05,14604189,140433,6030,0.96,3.06,2.8,2.69,true
yDiXQl7grPQ,Do You Hear Yanny or Laurel? (SOLVED with SCIENCE),AsapSCIENCE,18.28.05,41402287,555721,176590,1.34,3.06,2.94,2.96,true
f2MZnJlDJ4c,Kevin Hart Leads 2018 NBA All-Star Game Introductions | Team LeBron & Team Stephen,NBA,18.20.02,1811383,18112,2107,1.0,3.06,2.95,2.9,true
9DUfFHaUpxg,The Voice Behind 250 of Your Favorite Cartoons,Great Big Story,18.25.03,1732872,46176,2662,2.66,3.05,3.5,1.27,true
kton-qrKNLc,Meghan Trainor - No Excuses,MeghanTrainorVEVO,18.15.03,18323783,356785,23038,1.95,3.05,2.38,2.16,true
7bfS6seiLhk,The Kissing Booth | Official Trailer [HD] | Netflix,Netflix,18.06.05,4867096,105512,4104,2.17,3.04,2.24,0.62,true
5LoBGoQPUNc,Jennifer Lawrence Takes a Lie Detector Test | Vanity Fair,Vanity Fair,18.07.03,5427727,109350,8372,2.01,3.04,2.57,2.95,true
D7plDibrP1U,Father on worst nightmare of daughter trapped in school during shooting,CBS News,18.19.02,2539078,12358,15778,0.49,3.04,3.24,3.22,true
iN8zmmCRqUA,$3 Fries Vs. $100 Fries,BuzzFeedVideo,18.23.05,7301276,149751,19230,2.05,3.03,2.75,2.86,true
0EPY1CKFecs,The True Messed Up Story of Pocahontas,CollegeHumor,18.30.03,2441222,58980,9696,2.42,3.02,2.07,3.57,true
nWZMfPP34g8,BITTEN by a GIANT DESERT CENTIPEDE!,Brave Wilderness,17.27.12,6032222,176157,42243,2.92,3.02,3.61,3.6,true
Am6NHDbj6XA,Donald Glover on This is America Music Video,Jimmy Kimmel Live,18.18.05,6167410,102465,3530,1.66,3.02,2.45,0.15,true
X6iJ0hPpGec,Learn to Break a Glass with Your Voice || Learn Quick,Mike Boyd,17.10.12,1182632,45478,4638,3.85,3.02,2.91,3.07,true
vn9mMeWcgoM,Jurassic World: Fallen Kingdom - Official Trailer [HD],Universal Pictures,17.12.12,32814882,523448,66601,1.6,3.02,3.03,3.25,true
yDiXQl7grPQ,Do You Hear Yanny or Laurel? (SOLVED with SCIENCE),AsapSCIENCE,18.27.05,40757266,551457,174205,1.35,3.01,2.92,2.91,true
ttf_EzEkxBk,"Roy Halladay Plane Crash Video, Witnesses Say He Was Showboating | TMZ Sports",TMZSports,17.15.11,3505996,5934,5162,0.17,3.01,1.57,2.86,true
TI5bEf-BULU,How Michael B. Jordan's Black Panther Makeup Was Done — Exclusive Behind The Scenes,INSIDER,18.25.05,14434497,139261,6011,0.96,3.01,2.77,2.68,true
nRafaCcfrcI,73 Questions With Liza Koshy | Vogue,Vogue,17.20.11,5889680,458893,22510,7.79,3.01,3.2,3.09,true
-oOlAGKBXnA,I Won't Wear A Jacket,Gus Johnson,17.16.12,1558058,51874,2837,3.33,3.01,2.73,2.62,true
HTTpDGDAxtg,YANNY or LAUREL: What do you hear? (REACT),REACT,18.18.05,2405120,62240,29313,2.59,3.0,3.53,9.25,true
kFjq8PX6F7I,The Coastline Paradox Explained,RealLifeLore,18.07.03,1312978,34958,3787,2.66,3.0,2.81,2.46,true
5ek2W8hUvGw,My Sister in Real Life,itsAlexClark,18.16.05,2457244,85560,6433,3.48,3.0,2.7,1.24,true
OQkfDJ2zVNo,Trump Calls Non-White Countries S**tholes: The Daily Show,The Daily Show with Trevor Noah,18.16.01,3829790,61389,31958,1.6,2.99,2.81,3.31,true
h5XzGyjEkkc,Dog Cries Every Time He's Touched — Until He Meets This Woman | The Dodo,The Dodo,17.04.12,4623012,92059,14031,1.99,2.99,1.94,4.57,true
6ZfuNTqbHE8,Marvel Studios' Avengers: Infinity War Official Trailer,Marvel Entertainment,17.04.12,80360459,2513099,335920,3.13,2.99,2.98,3.06,true
0bSE-rh7jFg,When the girl you're wrestling has a tough little brother  - 979280,RM Videos,17.17.12,714472,740,124,0.1,2.99,0.21,0.21,true
QbDuBTWrU-o,My House Burned Down,William Osman,17.08.12,973452,73303,15323,7.53,2.99,3.01,3.22,true
c8W-auqg024,"We Sent Garlic Bread to the Edge of Space, Then Ate It",Tom Scott,18.29.04,4738527,152779,21743,3.22,2.99,3.18,3.23,true
uBYzYji4rmE,Honest Trailers - Black Panther,Screen Junkies,18.19.05,4343369,104753,15693,2.41,2.99,2.63,2.67,true
uA8GdJJqz_s,Physicist Stephen Hawking has died,CNN,18.18.03,3313121,54312,31114,1.64,2.98,3.38,2.02,true
7C2z4GqqS5E,BTS (방탄소년단) 'FAKE LOVE' Official MV,ibighit,18.01.06,123010920,5613827,1228655,4.56,2.98,2.37,2.32,true
TI5bEf-BULU,How Michael B. Jordan's Black Panther Makeup Was Done — Exclusive Behind The Scenes,INSIDER,18.24.05,14251663,138019,5981,0.97,2.97,2.74,2.66,true
Wzq4qbNRFrw,HIGH SCHOOL IN 2008 VS 2018,Smosh,18.09.06,3101026,82905,7474,2.67,2.96,2.29,1.81,true
JzA097DmNTI,Rescued Chimp Helps Out on Flight over Africa,Associated Press,18.14.03,313708,3658,0,1.17,2.96,3.09,-0.42,true
JpvC3j9Qxus,Mo'Nique Speaks On Racial And Gender Inequality In Hollywood + More,Breakfast Club Power 105.1 FM,18.01.03,2723593,39403,58763,1.45,2.95,2.74,3.41,true
8-u5nd2GqNE,The Secret Protocol for When the Queen Dies,Half as Interesting,17.24.11,1145464,28690,5083,2.5,2.95,2.91,2.01,true
pCWH5OW9lDo,Watch SpaceX Launch A Tesla Roadster To Mars On The Falcon Heavy Rocket — And Why It Matters,Tech Insider,18.11.02,1695390,20802,3842,1.23,2.95,2.77,2.35,true
NKmGVE85GUU,Why can't you divide by zero? - TED-Ed,TED-Ed,18.01.05,1115643,37265,3008,3.34,2.94,3.09,2.97,true
Hvysy11716g,Why We Pick Difficult Partners,The School of Life,18.05.02,664245,27279,1142,4.11,2.94,2.95,0.9,true
4kDklB6-69Q,Poo Bear ft. Justin Bieber & Jay Electronica - Hard 2 Face Reality (Lyric Video),Hannah Stocking,18.20.04,22907590,730678,56988,3.19,2.94,2.94,2.89,true
yDiXQl7grPQ,Do You Hear Yanny or Laurel? (SOLVED with SCIENCE),AsapSCIENCE,18.26.05,40018062,547115,172201,1.37,2.94,2.89,2.88,true
Gs26bZTRkdU,8 Survival Myths That Will Definitely Make Things Worse,SciShow,18.24.05,684412,22097,2005,3.23,2.93,2.76,1.01,true
II-OP6vdMs8,"#MeToo Backlash | January 17, 2018 Act 1 | Full Frontal on TBS",Full Frontal with Samantha Bee,18.23.01,1256555,17580,5835,1.4,2.93,2.84,2.14,true
TI5bEf-BULU,How Michael B. Jordan's Black Panther Makeup Was Done — Exclusive Behind The Scenes,INSIDER,18.23.05,14051345,136541,5924,0.97,2.92,2.7,2.63,true
7C2z4GqqS5E,BTS (방탄소년단) 'FAKE LOVE' Official MV,ibighit,18.31.05,121219886,5595203,1225326,4.62,2.92,2.36,2.31,true
D7plDibrP1U,Father on worst nightmare of daughter trapped in school during shooting,CBS News,18.18.02,2459619,12062,15595,0.49,2.92,3.14,3.18,true
wbSwFU6tY1c,Falcon Heavy Test Flight,SpaceX,18.16.02,20658640,384958,38514,1.86,2.91,2.69,2.81,true
M4ZoCHID9GI,The Weeknd - Call Out My Name (Official Video),TheWeekndVEVO,18.14.05,122544931,1427436,55320,1.16,2.91,2.2,2.06,true
LtpqdJkoKm8,COLLEGE KIDS REACT TO THIS IS AMERICA - CHILDISH GAMBINO,FBE,18.20.05,4919175,135420,22937,2.75,2.9,2.07,1.34,true
TX0UsGn0GPc,Mini Wedding Cake for Valentine's Day Teeny Weeny Challenge #4,How To Cook That,18.17.02,519214,10933,2139,2.11,2.9,1.96,2.43,true
5ek2W8hUvGw,My Sister in Real Life,itsAlexClark,18.15.05,2410563,84741,6343,3.52,2.9,2.65,1.19,true
elwTgpHlty0,[OFFICIAL VIDEO] HAVANA - PENTATONIX,PTXofficial,18.08.03,9537066,406136,21468,4.26,2.9,2.35,2.19,true
SbrOMrjhyvI,"SERENITY Official Trailer (2018) Matthew McConaughey, Anne Hathaway Movie HD",ONE Media,18.13.06,5213918,31745,3854,0.61,2.89,1.81,1.82,true
wbSwFU6tY1c,Falcon Heavy Test Flight,SpaceX,18.15.02,20547946,384024,38320,1.87,2.89,2.68,2.79,true
KONe4SNFA64,Rihanna's Epic 10-Minute Guide to Going Out Makeup | Beauty Secrets | Vogue,Vogue,18.06.05,5714766,443214,20786,7.76,2.89,3.07,2.79,true
N39uwTykTQk,THE BICYCLE OF SPRINGS,colinfurze,18.14.06,6169981,164550,9302,2.67,2.88,2.39,2.39,true
5GRyr0noXrw,BOWLING BALL Vs. TRAMPOLINE from 45m!,How Ridiculous,18.24.03,25235767,493804,42732,1.96,2.88,2.44,0.07,true
-oOlAGKBXnA,I Won't Wear A Jacket,Gus Johnson,17.15.12,1512204,50662,2781,3.35,2.88,2.62,2.54,true
cytyAgu9-bA,DEADMAU5 said this Bassline is IMPOSSIBLE...,Davie504,18.01.03,3052072,132775,9571,4.35,2.88,2.81,2.76,true
Ev9rOA2Yjs0,5 McDonald's Gadgets put to the Test!,CrazyRussianHacker,18.18.01,2305543,43982,4275,1.91,2.87,1.35,0.52,true
__4c1JCHvaQ,Logic Solves a Rubik's Cube While Eating Spicy Wings | Hot Ones,First We Feast,17.11.12,3437761,179799,20103,5.23,2.87,3.72,3.12,true
Z1rZAT2GtmI,Expiration Dates Don't Mean What You Think,CollegeHumor,17.26.11,2366705,50495,5179,2.13,2.87,1.44,1.28,true
Wzq4qbNRFrw,HIGH SCHOOL IN 2008 VS 2018,Smosh,18.08.06,3047432,82269,7411,2.7,2.87,2.24,1.78,true
eOQpjvnm4ME,The Bipartisan Pastime Of Harassing Women,The Late Show with Stephen Colbert,17.22.11,2016029,21062,4200,1.04,2.87,1.99,2.0,true
TI5bEf-BULU,How Michael B. Jordan's Black Panther Makeup Was Done — Exclusive Behind The Scenes,INSIDER,18.22.05,13862369,135099,5819,0.97,2.87,2.67,2.57,true
gA-NDZb29I4,Justin Timberlake - Filthy (Official Video),justintimberlakeVEVO,18.12.01,18871288,293244,32777,1.55,2.87,2.34,2.79,true
fmtU3FFpHtU,How to Make MAGIC SAND,The King of Random,18.11.02,1838876,23487,3341,1.28,2.87,1.27,-0.14,true
k2NskGo6x40,Danielle Bregoli Rejects Logan Paul's Apologies Over Suicide/Hanging Video | TMZ,TMZ,18.09.01,6062089,123467,35574,2.04,2.87,3.31,3.27,true
nWZMfPP34g8,BITTEN by a GIANT DESERT CENTIPEDE!,Brave Wilderness,17.26.12,5825074,173543,41584,2.98,2.87,3.54,3.53,true
wbSwFU6tY1c,Falcon Heavy Test Flight,SpaceX,18.14.02,20346849,381820,37836,1.88,2.86,2.66,2.75,true
aJOTlE1K90k,Maroon 5 - Girls Like You ft. Cardi B,Maroon5VEVO,18.09.06,66529577,2488565,142410,3.74,2.86,2.35,2.22,true
pjTj-_55WZ8,"Rudimental - These Days feat. Jess Glynne, Macklemore & Dan Caplen [Official Video]",Rudimental,18.01.02,4011561,97791,1761,2.44,2.86,2.42,2.18,true
hwQnXjZwQUQ,10 BEST Moments From 2018 Golden Globes,Clevver News,18.15.01,1941169,11631,3230,0.6,2.86,1.97,2.74,true
yDiXQl7grPQ,Do You Hear Yanny or Laurel? (SOLVED with SCIENCE),AsapSCIENCE,18.25.05,38974439,539453,168912,1.38,2.86,2.84,2.81,true
iC7wWFQUUqU,Keith Urban - Coming Home ft. Julia Michaels,KeithUrbanVEVO,18.14.06,1883291,16532,401,0.88,2.85,2.32,0.27,true
Am6NHDbj6XA,Donald Glover on This is America Music Video,Jimmy Kimmel Live,18.17.05,5894832,99272,3425,1.68,2.84,2.35,0.13,true
V5cOvyDpWfM,Fergie Performs The U.S. National Anthem / 2018 NBA All-Star Game,MLG Highlights,18.28.02,21005589,59281,65181,0.28,2.84,2.87,2.88,true
IBVo8dfqTBc,Rey Mysterio makes a shocking return in the Royal Rumble Match: Royal Rumble 2018 (WWE Network),WWE,18.01.02,9159408,165056,17398,1.8,2.84,3.91,2.73,true
jb-To6qJcxU,Watch Cardi B's 90 Second Makeup Routine | ELLE,ELLE,18.16.01,906699,24705,938,2.72,2.84,1.61,0.82,true
O6BODAJVYc8,"2017, in 7 minutes",Vox,18.01.01,1565942,69361,18227,4.43,2.84,4.9,4.69,true
GtzFWqiVzW4,Tamar Braxton Ex's Alleged New Fling Laura Govan Speaks Out | Daily Pop | E! News,E! News,18.09.01,116925,649,417,0.56,2.83,2.88,2.93,true
TI5bEf-BULU,How Michael B. Jordan's Black Panther Makeup Was Done — Exclusive Behind The Scenes,INSIDER,18.21.05,13664869,133737,5776,0.98,2.83,2.64,2.55,true
qUmfriZoMw0,Westworld Season 2 | Official Super Bowl LII Ad | HBO,HBO,18.13.02,11385180,39894,2800,0.35,2.82,1.42,0.18,true
Wm8QlNCk-wg,Casting Mirror Polished Japanese Foil Ball from Molten Aluminium,PressTube,18.19.04,5597364,107171,6890,1.91,2.82,2.96,2.97,true
RQUuqbzQVsY,"Liam Payne, Rita Ora - For You (Fifty Shades Freed)",FiftyShadesVEVO,18.01.02,13809604,475593,20933,3.44,2.82,2.33,2.17,true
N39uwTykTQk,THE BICYCLE OF SPRINGS,colinfurze,18.13.06,6070853,163343,9224,2.69,2.82,2.35,2.36,true
_9YMpuLDnwo,42 HOLY GRAIL HACKS THAT WILL SAVE YOU A FORTUNE,5-Minute Crafts,17.11.12,54155921,378111,24679,0.7,2.81,2.68,2.2,true
qUmfriZoMw0,Westworld Season 2 | Official Super Bowl LII Ad | HBO,HBO,18.12.02,11358208,39601,2778,0.35,2.81,1.4,0.17,true
q8v9MvManKE,Earth Day 2018 Google Doodle,googledoodles,18.03.05,11979805,408461,17964,3.41,2.81,3.04,3.07,true
5n9xafjynJA,Tesla Semi truck and Roadster event in 9 minutes,The Verge,17.24.11,2175978,37009,5657,1.7,2.81,1.9,2.32,true
J_CFBjAyPWE,Red Velvet 레드벨벳 'Bad Boy' MV,SMTOWN,18.02.02,16773819,995657,121200,5.94,2.81,1.94,2.01,true
t9GNMVfEiG4,Gingerbread Cookies - You Suck at Cooking (episode 70),You Suck At Cooking,18.04.01,1535269,59280,6699,3.86,2.8,2.84,2.07,true
P3Bd3HUMkyU,First Look at Nintendo Labo,Nintendo,18.21.01,8349078,243562,61834,2.92,2.8,2.99,2.72,true
V5cOvyDpWfM,Fergie Performs The U.S. National Anthem / 2018 NBA All-Star Game,MLG Highlights,18.27.02,20747860,57929,64134,0.28,2.8,2.78,2.82,true
I7LJIuB2CHE,Elon Musk on how Falcon Heavy will change space travel,The Verge,18.13.02,2168569,58994,5005,2.72,2.8,3.55,1.92,true
iGXYZwZEZa0,How small a hole can a mouse get through?  Experiments.,Matthias Wandel,17.15.12,3016262,36090,5792,1.2,2.8,2.78,1.82,true
qUmfriZoMw0,Westworld Season 2 | Official Super Bowl LII Ad | HBO,HBO,18.11.02,11291868,39156,2764,0.35,2.79,1.37,0.16,true
hwQnXjZwQUQ,10 BEST Moments From 2018 Golden Globes,Clevver News,18.14.01,1905945,11534,3181,0.61,2.79,1.94,2.68,true
wbSwFU6tY1c,Falcon Heavy Test Flight,SpaceX,18.13.02,19994026,379285,37523,1.9,2.79,2.64,2.72,true
AiH3nDqWr9I,Film Theory: Phineas and Ferb's SECRET Hero!,The Film Theorists,18.16.02,8999134,147103,19063,1.63,2.79,1.1,-0.05,true
0-7wMD5ISIs,ABANDONED MALL TURNED INTO WINTER WONDERLAND,CaseyNeistat,17.28.12,6647081,232199,15366,3.49,2.79,1.86,0.84,true
8-u5nd2GqNE,The Secret Protocol for When the Queen Dies,Half as Interesting,17.23.11,1105611,27738,4830,2.51,2.78,2.73,1.85,true
NKmGVE85GUU,Why can't you divide by zero? - TED-Ed,TED-Ed,18.30.04,1077730,36452,2918,3.38,2.78,2.97,2.83,true
pMpQABKlC-I,How To Speak Internet 101 (ft. Will Smith),IISuperwomanII,18.04.01,4147252,243307,22917,5.87,2.78,2.42,2.58,true
5LoBGoQPUNc,Jennifer Lawrence Takes a Lie Detector Test | Vanity Fair,Vanity Fair,18.06.03,5071824,104444,8138,2.06,2.78,2.41,2.84,true
VMRIc4ayRlM,JUSTICE LEAGUE A Box Office Disaster - Box Office Report,John Campea,17.22.11,108845,3131,3530,2.88,2.77,2.31,3.6,true
t9GNMVfEiG4,Gingerbread Cookies - You Suck at Cooking (episode 70),You Suck At Cooking,18.03.01,1527454,59080,6707,3.87,2.77,2.81,2.08,true
0-7wMD5ISIs,ABANDONED MALL TURNED INTO WINTER WONDERLAND,CaseyNeistat,17.27.12,6620905,231177,15297,3.49,2.77,1.84,0.83,true
TI5bEf-BULU,How Michael B. Jordan's Black Panther Makeup Was Done — Exclusive Behind The Scenes,INSIDER,18.20.05,13429861,132046,5685,0.98,2.77,2.59,2.49,true
yDiXQl7grPQ,Do You Hear Yanny or Laurel? (SOLVED with SCIENCE),AsapSCIENCE,18.24.05,37977628,531656,166069,1.4,2.77,2.79,2.76,true
qUmfriZoMw0,Westworld Season 2 | Official Super Bowl LII Ad | HBO,HBO,18.10.02,11224337,38738,2725,0.35,2.77,1.34,0.14,true
EKkzbbLYPuI,Lindsey Stirling - Carol of the Bells,Lindsey Stirling,17.08.12,4355869,184474,7090,4.24,2.77,2.2,2.35,true
JpvC3j9Qxus,Mo'Nique Speaks On Racial And Gender Inequality In Hollywood + More,Breakfast Club Power 105.1 FM,18.28.02,2606526,38261,57618,1.47,2.77,2.62,3.33,true
VRJmcxCrAOA,Real Life Trick Shots 2 | Dude Perfect,Dude Perfect,18.28.01,26019027,970812,48465,3.73,2.76,2.92,2.21,true
k2NskGo6x40,Danielle Bregoli Rejects Logan Paul's Apologies Over Suicide/Hanging Video | TMZ,TMZ,18.08.01,5869057,120173,34887,2.05,2.75,3.2,3.2,true
Ev9rOA2Yjs0,5 McDonald's Gadgets put to the Test!,CrazyRussianHacker,18.17.01,2256634,43431,4220,1.92,2.75,1.31,0.49,true
0-7wMD5ISIs,ABANDONED MALL TURNED INTO WINTER WONDERLAND,CaseyNeistat,17.26.12,6588744,229931,15220,3.49,2.75,1.82,0.82,true
D7plDibrP1U,Father on worst nightmare of daughter trapped in school during shooting,CBS News,18.17.02,2345861,11497,15264,0.49,2.75,2.96,3.1,true
cytyAgu9-bA,DEADMAU5 said this Bassline is IMPOSSIBLE...,Davie504,18.28.02,2953965,128006,9251,4.33,2.75,2.66,2.6,true
I7LJIuB2CHE,Elon Musk on how Falcon Heavy will change space travel,The Verge,18.12.02,2137721,58028,4976,2.71,2.75,3.48,1.91,true
fJe0cmOvM94,Match the Job to the Person | Lineup | Cut,Cut,18.11.02,2302182,60183,2800,2.61,2.75,2.27,1.57,true
5n9xafjynJA,Tesla Semi truck and Roadster event in 9 minutes,The Verge,17.23.11,2141930,36844,5640,1.72,2.75,1.89,2.31,true
nRafaCcfrcI,73 Questions With Liza Koshy | Vogue,Vogue,17.19.11,5514929,439189,21011,7.96,2.75,3.03,2.83,true
0r-zYs6NQu8,What If You Didn't Sleep For A Week? ft. TheOdd1sOut,Life Noggin,18.24.03,1446981,59734,17054,4.13,2.75,3.91,4.09,true
7C2z4GqqS5E,BTS (방탄소년단) 'FAKE LOVE' Official MV,ibighit,18.30.05,115664850,5530568,1213172,4.78,2.75,2.31,2.28,true
uA8GdJJqz_s,Physicist Stephen Hawking has died,CNN,18.17.03,3110326,52822,30059,1.7,2.74,3.27,1.93,true
3BJU2drrtCM,How a TV Works in Slow Motion - The Slow Mo Guys,The Slow Mo Guys,18.21.01,7296078,347154,15487,4.76,2.74,3.34,3.02,true
Wzq4qbNRFrw,HIGH SCHOOL IN 2008 VS 2018,Smosh,18.07.06,2975755,81384,7356,2.73,2.74,2.19,1.75,true
N39uwTykTQk,THE BICYCLE OF SPRINGS,colinfurze,18.12.06,5958796,162064,9189,2.72,2.74,2.32,2.34,true
HTi1c_tLnqw,Nick Jonas - Home,NickJonasVEVO,17.19.12,869519,46606,1472,5.36,2.74,2.31,2.05,true
6ZfuNTqbHE8,Marvel Studios' Avengers: Infinity War Official Trailer,Marvel Entertainment,17.03.12,74789251,2444952,330710,3.27,2.74,2.88,3.0,true
p8XP7A7kvzM,Spill Your Guts or Fill Your Guts w/ Kim Kardashian,The Late Late Show with James Corden,17.18.11,8072982,174944,9529,2.17,2.74,1.4,1.08,true
qUmfriZoMw0,Westworld Season 2 | Official Super Bowl LII Ad | HBO,HBO,18.09.02,11146378,38169,2678,0.34,2.74,1.31,0.12,true
V5cOvyDpWfM,Fergie Performs The U.S. National Anthem / 2018 NBA All-Star Game,MLG Highlights,18.26.02,20393752,56243,62623,0.28,2.74,2.67,2.74,true
t9GNMVfEiG4,Gingerbread Cookies - You Suck at Cooking (episode 70),You Suck At Cooking,18.02.01,1518821,58831,6686,3.87,2.74,2.78,2.07,true
FhllRWReNEE,Melting Every Lipstick From Sephora Together,Safiya Nygaard,18.21.04,7223754,391342,378185,5.42,2.74,3.2,4.51,true
0-7wMD5ISIs,ABANDONED MALL TURNED INTO WINTER WONDERLAND,CaseyNeistat,17.25.12,6550370,228386,15116,3.49,2.73,1.8,0.8,true
P_If9xMyl10,The Voice 2018 Blind Audition - Stephanie Skipper: Piece By Piece,The Voice,18.24.03,3281144,36898,1888,1.12,2.73,2.48,-0.01,true
pMpQABKlC-I,How To Speak Internet 101 (ft. Will Smith),IISuperwomanII,18.03.01,4099399,241530,22835,5.89,2.72,2.39,2.56,true
r8FQ5wUYm9c,Don't Talk - Cyanide & Happiness Shorts,ExplosmEntertainment,17.13.12,2277409,82882,4774,3.64,2.72,2.67,1.56,true
7iQn-toQp6A,Benjamin Glaze Auditions for American Idol With Nick Jonas' Levels - American Idol 2018 on ABC,American Idol,18.16.03,4303102,11415,2916,0.27,2.72,-1.44,0.61,true
qfZcxeqa1g4,M&M’S Super Bowl Commercial 2018 (featuring Danny DeVito) – ‘Human’ :30,mmschocolate,18.04.02,1152451,3397,333,0.29,2.72,-0.16,-0.15,true
TI5bEf-BULU,How Michael B. Jordan's Black Panther Makeup Was Done — Exclusive Behind The Scenes,INSIDER,18.19.05,13167973,130073,5634,0.99,2.71,2.55,2.46,true
kton-qrKNLc,Meghan Trainor - No Excuses,MeghanTrainorVEVO,18.14.03,16755944,346310,22653,2.07,2.71,2.27,2.11,true
qUmfriZoMw0,Westworld Season 2 | Official Super Bowl LII Ad | HBO,HBO,18.08.02,11029887,37183,2642,0.34,2.71,1.24,0.11,true
exsOim0Lyl4,President Donald Trump’s State of the Union Address 2018 (Full) | NBC News,NBC News,18.01.02,1469703,17050,3441,1.16,2.71,3.16,2.09,true
L8gV7LSt6sI,Fallout 76 Trailer - E3 2018,IGN,18.12.06,1729107,45820,7779,2.65,2.7,3.28,2.22,true
4kDklB6-69Q,Poo Bear ft. Justin Bieber & Jay Electronica - Hard 2 Face Reality (Lyric Video),Hannah Stocking,18.19.04,21393511,706501,56121,3.3,2.7,2.82,2.83,true
wbSwFU6tY1c,Falcon Heavy Test Flight,SpaceX,18.12.02,19453342,375777,37015,1.93,2.7,2.61,2.67,true
elwTgpHlty0,[OFFICIAL VIDEO] HAVANA - PENTATONIX,PTXofficial,18.07.03,9096095,398837,21229,4.38,2.7,2.28,2.14,true
3g246c6Bv58,Why Is Blue So Rare In Nature?,It's Okay To Be Smart,18.16.01,713748,32489,2401,4.55,2.69,2.53,2.34,true
t9GNMVfEiG4,Gingerbread Cookies - You Suck at Cooking (episode 70),You Suck At Cooking,18.01.01,1505582,58486,6666,3.88,2.69,2.74,2.05,true
0-7wMD5ISIs,ABANDONED MALL TURNED INTO WINTER WONDERLAND,CaseyNeistat,17.24.12,6502307,226757,15007,3.49,2.69,1.78,0.78,true
hwQnXjZwQUQ,10 BEST Moments From 2018 Golden Globes,Clevver News,18.13.01,1851728,11338,3097,0.61,2.69,1.88,2.59,true
Q3jege0p0dQ,Marc Spelmann gets the first Golden Buzzer of 2018 | Auditions Week 1 | Britain’s Got Talent 2018,Britain's Got Talent,18.22.04,10216106,233312,0,2.28,2.69,2.96,,true
5GRyr0noXrw,BOWLING BALL Vs. TRAMPOLINE from 45m!,How Ridiculous,18.23.03,24117244,475288,41840,1.97,2.69,2.3,0.04,true
nWZMfPP34g8,BITTEN by a GIANT DESERT CENTIPEDE!,Brave Wilderness,17.25.12,5571327,170444,40939,3.06,2.69,3.45,3.46,true
uBYzYji4rmE,Honest Trailers - Black Panther,Screen Junkies,18.18.05,4071774,99682,15235,2.45,2.68,2.4,2.54,true
4cXsgT3ZcL8,Black Girls React to Tarte Shape Tape Foundation | Jackie Aina,Jackie Aina,18.21.01,2119439,121318,16493,5.72,2.68,2.07,1.97,true
-oOlAGKBXnA,I Won't Wear A Jacket,Gus Johnson,17.14.12,1436881,48899,2729,3.4,2.68,2.47,2.46,true
5n9xafjynJA,Tesla Semi truck and Roadster event in 9 minutes,The Verge,17.22.11,2102153,36582,5592,1.74,2.68,1.87,2.28,true
VlZ1SWLBfPE,The Truth About Where Hair Extensions Come From | Shady | Refinery29,Refinery29,18.11.06,1377087,81564,4273,5.92,2.68,3.05,2.91,true
LtpqdJkoKm8,COLLEGE KIDS REACT TO THIS IS AMERICA - CHILDISH GAMBINO,FBE,18.19.05,4685281,131729,22365,2.81,2.67,1.97,1.26,true
vI4LHl4yFuo,Google - Year In Search 2017,Google,17.20.12,3257990,94373,8866,2.9,2.67,2.07,1.87,true
yDiXQl7grPQ,Do You Hear Yanny or Laurel? (SOLVED with SCIENCE),AsapSCIENCE,18.23.05,36778884,521872,162654,1.42,2.67,2.73,2.69,true
P_If9xMyl10,The Voice 2018 Blind Audition - Stephanie Skipper: Piece By Piece,The Voice,18.23.03,3226577,36253,1860,1.12,2.66,2.41,-0.03,true
_QWZvU7VCn8,Brad Pitt Bid $120k For A Night With Emilia Clarke!  | The Graham Norton Show,The Graham Norton Show,18.25.05,4069186,37721,2390,0.93,2.66,1.64,2.05,true
HVjlcUtuENM,Our Surrogate Story: The Truth | Gigi,Gigi Gorgeous,17.06.12,778338,18343,4488,2.36,2.66,2.6,2.64,true
pMpQABKlC-I,How To Speak Internet 101 (ft. Will Smith),IISuperwomanII,18.02.01,4042837,239321,22707,5.92,2.66,2.34,2.54,true
MIQKlHSD89E,Tiny Donkey Thinks He's Actually A Dog  | The Dodo,The Dodo,18.07.04,4218040,118478,6892,2.81,2.66,2.71,1.86,true
FFsp5b4AUTE,"Roman Reigns is brutally ambushed by Brock Lesnar: Raw, March 19, 2018",WWE,18.24.03,8718657,91398,21050,1.05,2.65,1.55,3.55,true
V5cOvyDpWfM,Fergie Performs The U.S. National Anthem / 2018 NBA All-Star Game,MLG Highlights,18.25.02,19890243,53817,60921,0.27,2.65,2.51,2.66,true
qUmfriZoMw0,Westworld Season 2 | Official Super Bowl LII Ad | HBO,HBO,18.07.02,10856602,35572,2633,0.33,2.65,1.14,0.1,true
II-OP6vdMs8,"#MeToo Backlash | January 17, 2018 Act 1 | Full Frontal on TBS",Full Frontal with Samantha Bee,18.22.01,1187467,17062,9336,1.44,2.65,2.69,3.96,true
UXNnAB3ugPU,How My Makeup Looks Under a Microscope,Tina Yong,18.14.06,4397796,111689,5263,2.54,2.64,2.53,2.44,true
0-7wMD5ISIs,ABANDONED MALL TURNED INTO WINTER WONDERLAND,CaseyNeistat,17.23.12,6428410,224426,16300,3.49,2.64,1.74,1.0,true
TI5bEf-BULU,How Michael B. Jordan's Black Panther Makeup Was Done — Exclusive Behind The Scenes,INSIDER,18.18.05,12916460,128134,5596,0.99,2.64,2.5,2.44,true
t9GNMVfEiG4,Gingerbread Cookies - You Suck at Cooking (episode 70),You Suck At Cooking,17.31.12,1493224,58147,6636,3.89,2.64,2.7,2.04,true
bMrRN99DYKU,Selena Gomez Tearfully Accepts Woman of the Year Award at Billboard's Women in Music 2017,Billboard,17.08.12,4423680,120441,9122,2.72,2.64,0.69,0.77,true
J83sZrz9XTc,Samsung Galaxy S9 Impressions!,Marques Brownlee,18.01.03,3103982,105649,14643,3.4,2.64,1.18,0.7,true
TX0UsGn0GPc,Mini Wedding Cake for Valentine's Day Teeny Weeny Challenge #4,How To Cook That,18.16.02,495947,10676,2110,2.15,2.64,1.79,2.35,true
3yy-dKTmyOo,"Milo Manheim, Meg Donnelly - Someday (From ZOMBIES)",DisneyMusicVEVO,18.03.03,7628116,85230,13141,1.12,2.63,2.34,2.16,true
rYzLh2QuraQ,Match the Dog to Their Owner - Lineup,Cut,18.15.01,2232837,70327,3831,3.15,2.63,2.85,2.79,true
qoPCbB_uGMw,How to Do the Invisible Box Challenge,Inside Edition,17.12.12,1359425,18038,1133,1.33,2.63,1.75,0.07,true
pCWH5OW9lDo,Watch SpaceX Launch A Tesla Roadster To Mars On The Falcon Heavy Rocket — And Why It Matters,Tech Insider,18.10.02,1554524,19971,3652,1.28,2.63,2.61,2.19,true
7C2z4GqqS5E,BTS (방탄소년단) 'FAKE LOVE' Official MV,ibighit,18.29.05,111882133,5486349,1204867,4.9,2.63,2.28,2.26,true
4CGBSGEkbKA,Oprah Winfrey - 2018 Golden Globes - Full Backstage Speech,Variety,18.14.01,1144298,6809,2350,0.6,2.63,2.7,0.86,true
2nshBD9EbxE,How to make a Wooden Katana from hardwood flooring // Woodworking,I Like To Make Stuff,17.01.12,1547962,37947,1827,2.45,2.62,2.6,2.67,true
nkXGohB02V0,Fast Food (A Thanksgiving Special) - Simon's Cat | BLACK & WHITE,Simon's Cat,17.28.11,1113089,33670,1422,3.02,2.62,1.53,1.11,true
6xUPaVfmcUs,Kevin Hart on Lavar Ball and His Least Favorite Son | Cold As Balls | Laugh Out Loud Network,LOL Network,18.18.02,7049534,143779,6294,2.04,2.62,3.06,2.68,true
Wzq4qbNRFrw,HIGH SCHOOL IN 2008 VS 2018,Smosh,18.06.06,2909391,80642,7263,2.77,2.62,2.14,1.7,true
C0KnxhQMLBU,Stephen A. Smith goes off after Game 2: It's time to bench JR Smith | SportsCenter | ESPN,ESPN,18.07.06,1527300,13847,4755,0.91,2.62,2.46,1.39,true
Bs-Hr-gEJAU,Shawn Mendes - Youth (Lyric Video) ft. Khalid,ShawnMendesVEVO,18.23.05,32079687,867305,40794,2.7,2.62,1.11,0.69,true
N39uwTykTQk,THE BICYCLE OF SPRINGS,colinfurze,18.11.06,5789599,160367,9097,2.77,2.62,2.28,2.3,true
coOKvrsmQiI,RAMPAGE - OFFICIAL TRAILER 1 [HD],Warner Bros. Pictures,17.22.11,15104666,143947,25593,0.95,2.61,2.37,2.36,true
8-u5nd2GqNE,The Secret Protocol for When the Queen Dies,Half as Interesting,17.22.11,1064495,26861,4663,2.52,2.61,2.56,1.75,true
r8FQ5wUYm9c,Don't Talk - Cyanide & Happiness Shorts,ExplosmEntertainment,17.12.12,2234814,81732,4911,3.66,2.61,2.58,1.68,true
Ev9rOA2Yjs0,5 McDonald's Gadgets put to the Test!,CrazyRussianHacker,18.16.01,2195411,42671,4062,1.94,2.61,1.25,0.39,true
vn9mMeWcgoM,Jurassic World: Fallen Kingdom - Official Trailer [HD],Universal Pictures,17.11.12,29482615,502660,64761,1.7,2.61,2.88,3.14,true
LvC8VzCcI88,LaurDIY and Alex Wassabi's Epic Two-Tone Room Makeover!,Mr. Kate,18.24.02,2480760,135983,7346,5.48,2.61,2.53,1.78,true
AiH3nDqWr9I,Film Theory: Phineas and Ferb's SECRET Hero!,The Film Theorists,18.15.02,8657433,146295,19008,1.69,2.6,1.08,-0.05,true
wzKL-bQKcgA,Anitta & J Balvin - Downtown (Official Lyric Video) ft. Lele Pons & Juanpa Zurita,Lele Pons,17.19.12,13284589,750837,39384,5.65,2.6,3.11,2.91,true
OQkfDJ2zVNo,Trump Calls Non-White Countries S**tholes: The Daily Show,The Daily Show with Trevor Noah,18.15.01,3493116,58396,29907,1.67,2.6,2.59,3.07,true
wbSwFU6tY1c,Falcon Heavy Test Flight,SpaceX,18.11.02,18898278,369243,36005,1.95,2.6,2.55,2.58,true
c8W-auqg024,"We Sent Garlic Bread to the Edge of Space, Then Ate It",Tom Scott,18.28.04,4216896,138582,19772,3.29,2.6,2.81,2.89,true
I7LJIuB2CHE,Elon Musk on how Falcon Heavy will change space travel,The Verge,18.11.02,2054381,56372,4894,2.74,2.6,3.35,1.86,true
NKmGVE85GUU,Why can't you divide by zero? - TED-Ed,TED-Ed,18.29.04,1037729,35542,2850,3.42,2.6,2.84,2.72,true
X6iJ0hPpGec,Learn to Break a Glass with Your Voice || Learn Quick,Mike Boyd,17.09.12,1077172,42968,4367,3.99,2.59,2.63,2.72,true
TI5bEf-BULU,How Michael B. Jordan's Black Panther Makeup Was Done — Exclusive Behind The Scenes,INSIDER,18.17.05,12675289,126032,5556,0.99,2.59,2.45,2.42,true
t9GNMVfEiG4,Gingerbread Cookies - You Suck at Cooking (episode 70),You Suck At Cooking,17.30.12,1478882,57738,6614,3.9,2.59,2.65,2.02,true
8uvIPHtKoQQ,Is The Last Jedi the Most Divisive Star Wars Movie Ever? (SPOILERS) - SJU,ScreenJunkies News,17.25.12,110985,2776,2329,2.5,2.59,2.54,2.74,true
pMpQABKlC-I,How To Speak Internet 101 (ft. Will Smith),IISuperwomanII,18.01.01,3977249,237013,22566,5.96,2.59,2.3,2.51,true
eMkZ8GEVgUw,Testing Flex Tape - As Seen On Tv,CrazyRussianHacker,18.07.04,2186003,27560,3700,1.26,2.59,0.02,0.15,true
MIQKlHSD89E,Tiny Donkey Thinks He's Actually A Dog  | The Dodo,The Dodo,18.06.04,4112408,116689,6792,2.84,2.58,2.66,1.82,true
7LjC-nUPrNg,Kids Try 100 Years of the Most Expensive Foods | Bon Appétit,Bon Appétit,18.16.01,3226905,36006,7074,1.12,2.58,0.65,2.81,true
5n9xafjynJA,Tesla Semi truck and Roadster event in 9 minutes,The Verge,17.21.11,2043102,36153,5527,1.77,2.58,1.84,2.24,true
P_If9xMyl10,The Voice 2018 Blind Audition - Stephanie Skipper: Piece By Piece,The Voice,18.22.03,3166130,35685,1860,1.13,2.58,2.34,-0.03,true
bMrRN99DYKU,Selena Gomez Tearfully Accepts Woman of the Year Award at Billboard's Women in Music 2017,Billboard,17.07.12,4354512,119181,8989,2.74,2.58,0.67,0.74,true
wIimU5-UEPc,Can Selena Gomez remember her own lyrics?,BBC Radio 1,18.20.02,4080130,111118,5991,2.72,2.58,1.85,1.25,true
CZkUNPBlJIQ,Carpool Karaoke w/ Adam Levine,The Late Late Show with James Corden,18.05.06,7701371,179872,9206,2.34,2.58,1.46,1.03,true
w2Es7-c9GAk,Selena Gomez Delivers Emotional First Performance of 'Wolves' at the AMAs -- Watch!,Entertainment Tonight,17.28.11,2049961,9814,2153,0.48,2.58,2.69,0.17,true
JzA097DmNTI,Rescued Chimp Helps Out on Flight over Africa,Associated Press,18.13.03,279739,3210,0,1.15,2.57,2.64,-0.42,true
kxMC7g_sKjw,Jim Carrey Crashes Jeff Daniels' CONAN Interview  - CONAN on TBS,Team Coco,18.29.04,3786691,43003,3883,1.14,2.56,0.93,2.68,true
HVjlcUtuENM,Our Surrogate Story: The Truth | Gigi,Gigi Gorgeous,17.05.12,759844,18096,4477,2.38,2.56,2.54,2.64,true
510KQ_LXGww,My Every Day Autumn Makeup | Zoella,Zoella,17.14.11,1390440,86207,710,6.2,2.56,2.76,-1.26,true
SbrOMrjhyvI,"SERENITY Official Trailer (2018) Matthew McConaughey, Anne Hathaway Movie HD",ONE Media,18.12.06,4795716,30035,3722,0.63,2.56,1.62,1.72,true
k2NskGo6x40,Danielle Bregoli Rejects Logan Paul's Apologies Over Suicide/Hanging Video | TMZ,TMZ,18.07.01,5547553,114335,35208,2.06,2.56,3.02,3.23,true
wwZ-T_WQ03A,Rick and Morty: Why Morty Matters,ScreenPrism,17.18.11,292891,6725,598,2.3,2.56,2.54,0.04,true
6xUPaVfmcUs,Kevin Hart on Lavar Ball and His Least Favorite Son | Cold As Balls | Laugh Out Loud Network,LOL Network,18.17.02,6915602,142271,6240,2.06,2.56,3.02,2.65,true
fN5HV79_8B8,Oprah Winfrey Receives Cecil B. de Mille Award at the 2018 Golden Globes,NBC,18.15.01,8159690,142149,26770,1.74,2.55,2.42,2.24,true
4WnizmrnJlk,Matt Lauer Sexual Harassment Allegations; Trump's Unhinged Tweets: A Closer Look,Late Night with Seth Meyers,17.06.12,2940750,27107,3381,0.92,2.55,1.79,1.27,true
N39uwTykTQk,THE BICYCLE OF SPRINGS,colinfurze,18.10.06,5690999,159196,9052,2.8,2.55,2.25,2.28,true
eOQpjvnm4ME,The Bipartisan Pastime Of Harassing Women,The Late Show with Stephen Colbert,17.21.11,1864545,20105,4107,1.08,2.55,1.85,1.94,true
rjlxc-vxNBA,Goodbye 3 Million Subscribers,Wong Fu Productions,18.25.01,536288,36133,3543,6.74,2.55,2.52,2.35,true
iN8zmmCRqUA,$3 Fries Vs. $100 Fries,BuzzFeedVideo,18.22.05,6447009,138702,17958,2.15,2.55,2.47,2.6,true
cytyAgu9-bA,DEADMAU5 said this Bassline is IMPOSSIBLE...,Davie504,18.27.02,2781923,123071,8952,4.42,2.54,2.51,2.46,true
4CGBSGEkbKA,Oprah Winfrey - 2018 Golden Globes - Full Backstage Speech,Variety,18.13.01,1116891,6682,2294,0.6,2.54,2.63,0.81,true
kxMC7g_sKjw,Jim Carrey Crashes Jeff Daniels' CONAN Interview  - CONAN on TBS,Team Coco,18.28.04,3767262,42875,3865,1.14,2.54,0.92,2.66,true
kz1xzBYppW8,Heartbreaking video of schoolboy Keaton Jones recounting being bullied,Guardian News,17.18.12,1364148,12058,5815,0.88,2.54,2.91,2.07,true
C0KnxhQMLBU,Stephen A. Smith goes off after Game 2: It's time to bench JR Smith | SportsCenter | ESPN,ESPN,18.06.06,1496316,13696,4711,0.92,2.54,2.42,1.37,true
LvC8VzCcI88,LaurDIY and Alex Wassabi's Epic Two-Tone Room Makeover!,Mr. Kate,18.23.02,2445583,134991,7300,5.52,2.54,2.49,1.76,true
0vhxoVwqZkk,I Pretended To Be A Model On A Shoot For Jigsaw,Glam&Gore,17.07.12,633524,51353,2258,8.11,2.54,2.4,0.93,true
Am6NHDbj6XA,Donald Glover on This is America Music Video,Jimmy Kimmel Live,18.16.05,5437925,93573,3287,1.72,2.54,2.17,0.1,true
ZwoDYJWWXW0,"Alan Walker, Keala Settle & The Greatest Showman Ensemble - This Is Me (Alan Walker Relift)",Alan Walker,18.07.04,5758360,169384,10716,2.94,2.54,1.87,1.6,true
Q1TXk7ZdiQE,"Zlatan Ibrahimović on Playing for LA Galaxy, His Nicknames & The World Cup",Jimmy Kimmel Live,18.20.04,5432414,149111,15905,2.74,2.54,3.95,2.6,true
we5djgQwK9w,Whats In My HUGE Fridge?,Rosanna Pansino,18.14.05,3644160,130698,19871,3.59,2.54,2.35,2.16,true
yDiXQl7grPQ,Do You Hear Yanny or Laurel? (SOLVED with SCIENCE),AsapSCIENCE,18.22.05,35147876,507471,158257,1.44,2.53,2.64,2.61,true
Ml9v3wHLuWI,Will Smith Tries Online Dating,Will Smith,18.18.04,8734726,258964,19905,2.96,2.53,2.22,2.28,true
w9JrUVI_h4I,Crow - Simon's Cat | SHORTS,Simon's Cat,18.14.06,1091528,40613,1805,3.72,2.53,2.27,1.85,true
L3ymBk6Vb04,Avengers: Infinity War Cast Sings The Marvel Bunch,The Tonight Show Starring Jimmy Fallon,18.29.04,5635627,237231,9147,4.21,2.53,3.98,2.38,true
4nqJiBRNQuw,Pastry Chef Attempts To Make Gourmet Kit Kats | Gourmet Makes | Bon Appétit,Bon Appétit,18.14.05,3183826,73056,5593,2.29,2.53,2.42,2.0,true
mMzKvVtrC6U,"I'm Not A Child, I'm 20 | Living Differently",BBC Three,18.02.01,1294681,19580,6619,1.51,2.53,1.35,2.65,true
TI5bEf-BULU,How Michael B. Jordan's Black Panther Makeup Was Done — Exclusive Behind The Scenes,INSIDER,18.16.05,12443582,124036,5516,1.0,2.53,2.4,2.4,true
asu37n6sEBY,Chris Stapleton - Tryin' To Untangle My Mind (Audio),ChrisStapletonVEVO,17.25.11,597308,10554,504,1.77,2.53,2.05,1.72,true
w2Es7-c9GAk,Selena Gomez Delivers Emotional First Performance of 'Wolves' at the AMAs -- Watch!,Entertainment Tonight,17.27.11,2016852,9691,2112,0.48,2.52,2.65,0.15,true
CZkUNPBlJIQ,Carpool Karaoke w/ Adam Levine,The Late Late Show with James Corden,18.04.06,7567773,177235,9111,2.34,2.52,1.43,1.01,true
OBOm_jatVCI,Blind Fast Food Sub Sandwich Taste Test,Good Mythical Morning,18.22.03,2288043,39996,4929,1.75,2.52,1.78,1.33,true
t9GNMVfEiG4,Gingerbread Cookies - You Suck at Cooking (episode 70),You Suck At Cooking,17.29.12,1460697,57250,6581,3.92,2.52,2.59,2.0,true
elwTgpHlty0,[OFFICIAL VIDEO] HAVANA - PENTATONIX,PTXofficial,18.06.03,8686517,392230,20848,4.52,2.52,2.21,2.07,true
f6Egj7ncOi8,FULL FACE USING ONLY MY MOM'S MAKEUP Challenge | NikkieTutorials,NikkieTutorials,18.06.01,3963050,326557,137991,8.24,2.52,3.17,3.12,true
JpvC3j9Qxus,Mo'Nique Speaks On Racial And Gender Inequality In Hollywood + More,Breakfast Club Power 105.1 FM,18.27.02,2448026,36744,55565,1.5,2.52,2.47,3.19,true
Ml9v3wHLuWI,Will Smith Tries Online Dating,Will Smith,18.16.04,8688263,257764,19840,2.97,2.52,2.2,2.26,true
_QWZvU7VCn8,Brad Pitt Bid $120k For A Night With Emilia Clarke!  | The Graham Norton Show,The Graham Norton Show,18.24.05,3930879,36808,2271,0.94,2.52,1.56,1.87,true
Ml9v3wHLuWI,Will Smith Tries Online Dating,Will Smith,18.17.04,8711257,258302,19879,2.97,2.52,2.21,2.27,true
qUmfriZoMw0,Westworld Season 2 | Official Super Bowl LII Ad | HBO,HBO,18.06.02,10385748,31250,2362,0.3,2.51,0.85,-0.02,true
b1Vi4YGMGkk,"YouTube Shooting: Woman Identified As Nasim Aghdam, 39, Suspected Of Wounding 3",CBS Los Angeles,18.17.04,1692680,6517,10757,0.39,2.51,2.43,2.48,true
b1Vi4YGMGkk,"YouTube Shooting: Woman Identified As Nasim Aghdam, 39, Suspected Of Wounding 3",CBS Los Angeles,18.18.04,1694719,6520,10760,0.38,2.51,2.43,2.48,true
pMpQABKlC-I,How To Speak Internet 101 (ft. Will Smith),IISuperwomanII,17.31.12,3906243,234683,22460,6.01,2.51,2.25,2.49,true
ffxKSjUwKdU,Ariana Grande - No Tears Left To Cry,ArianaGrandeVevo,18.14.05,148689896,3094021,242039,2.08,2.51,1.53,1.38,true
jLCHpZ6B1gU,Jason Aldean - You Make It Easy (Lyric Video),JasonAldeanVEVO,18.02.02,1713021,28724,892,1.68,2.51,2.34,1.98,true
dPWg-A9tiRI,Drunk History - Rose Valland Takes On the Nazis,Comedy Central,18.31.01,1207578,8198,446,0.68,2.51,2.37,1.78,true
bMrRN99DYKU,Selena Gomez Tearfully Accepts Woman of the Year Award at Billboard's Women in Music 2017,Billboard,17.06.12,4269791,117746,8979,2.76,2.51,0.65,0.74,true
kxMC7g_sKjw,Jim Carrey Crashes Jeff Daniels' CONAN Interview  - CONAN on TBS,Team Coco,18.27.04,3741747,42715,3838,1.14,2.51,0.91,2.64,true
9DUfFHaUpxg,The Voice Behind 250 of Your Favorite Cartoons,Great Big Story,18.24.03,1502910,41546,2399,2.76,2.51,3.05,1.07,true
b1Vi4YGMGkk,"YouTube Shooting: Woman Identified As Nasim Aghdam, 39, Suspected Of Wounding 3",CBS Los Angeles,18.16.04,1690268,6518,10736,0.39,2.5,2.43,2.48,true
MIQKlHSD89E,Tiny Donkey Thinks He's Actually A Dog  | The Dodo,The Dodo,18.05.04,4016922,114883,6716,2.86,2.5,2.6,1.79,true
SCq8n_hOcN8,Nicki Minaj - Chun-Li (Vertical Video),Nicki Minaj,18.14.05,22918328,409234,36436,1.79,2.5,1.69,1.31,true
7C2z4GqqS5E,BTS (방탄소년단) 'FAKE LOVE' Official MV,ibighit,18.28.05,107756615,5439015,1197130,5.05,2.5,2.24,2.23,true
b1Vi4YGMGkk,"YouTube Shooting: Woman Identified As Nasim Aghdam, 39, Suspected Of Wounding 3",CBS Los Angeles,18.15.04,1686819,6514,10733,0.39,2.5,2.42,2.48,true
aJOTlE1K90k,Maroon 5 - Girls Like You ft. Cardi B,Maroon5VEVO,18.08.06,60121378,2392245,138611,3.98,2.5,2.23,2.13,true
TudhYwBrgYg,Pastry Chef Attempts To Make Gourmet Skittles | Gourmet Makes | Bon Appétit,Bon Appétit,18.09.06,3154373,79911,6854,2.53,2.5,2.74,2.69,true
gR0pSSISaVk,"Ronda Rousey helps Natalya fend off Absolution: Raw, April 16, 2018",WWE,18.14.05,8395058,63016,5964,0.75,2.5,0.65,0.15,true
Ml9v3wHLuWI,Will Smith Tries Online Dating,Will Smith,18.15.04,8659926,256990,19826,2.97,2.5,2.19,2.26,true
Ml9v3wHLuWI,Will Smith Tries Online Dating,Will Smith,18.14.04,8625575,256079,19774,2.97,2.49,2.18,2.25,true
kz1xzBYppW8,Heartbreaking video of schoolboy Keaton Jones recounting being bullied,Guardian News,17.17.12,1343766,11913,5800,0.89,2.49,2.87,2.07,true
Bs-Hr-gEJAU,Shawn Mendes - Youth (Lyric Video) ft. Khalid,ShawnMendesVEVO,18.22.05,30887048,860555,40571,2.79,2.49,1.1,0.68,true
OBOm_jatVCI,Blind Fast Food Sub Sandwich Taste Test,Good Mythical Morning,18.21.03,2275669,39859,4910,1.75,2.49,1.77,1.32,true
b1Vi4YGMGkk,"YouTube Shooting: Woman Identified As Nasim Aghdam, 39, Suspected Of Wounding 3",CBS Los Angeles,18.14.04,1682886,6504,10726,0.39,2.49,2.42,2.47,true
xLkHEZTSeoU,Casey Neistat Melts His Face Off While Eating Spicy Wings | Hot Ones,First We Feast,17.19.12,3129042,136032,12857,4.35,2.49,2.54,1.56,true
oI42BohDabU,Katy Perry Watches Fan Covers On YouTube | Glamour,Glamour Magazine,18.14.02,2594869,78956,3099,3.04,2.49,1.88,1.43,true
gDXwhHm4GhM,Everything Wrong With Thor Ragnarok In 15 Minutes Or Less,CinemaSins,18.14.05,4566973,84363,11214,1.85,2.49,1.85,1.13,true
fGHOLz35L8M,Yellow Labrador dumped after being used for breeding puppies.  Look how happy she is now!,Hope For Paws - Official Rescue Channel,18.17.01,1225340,36704,3055,3.0,2.49,2.22,2.0,true
iyjqs_1Nhr8,Shaving my mustache!!!,TheTimTracker,18.04.01,173210,6356,1536,3.67,2.48,2.35,2.23,true
kxMC7g_sKjw,Jim Carrey Crashes Jeff Daniels' CONAN Interview  - CONAN on TBS,Team Coco,18.26.04,3703834,42470,3856,1.15,2.48,0.9,2.66,true
P_If9xMyl10,The Voice 2018 Blind Audition - Stephanie Skipper: Piece By Piece,The Voice,18.21.03,3085503,34955,1834,1.13,2.48,2.25,-0.05,true
6xUPaVfmcUs,Kevin Hart on Lavar Ball and His Least Favorite Son | Cold As Balls | Laugh Out Loud Network,LOL Network,18.16.02,6757986,139660,6161,2.07,2.48,2.95,2.6,true
uRP4nAGMYCY,True Facts: Frog Fish,zefrank1,18.14.05,1576105,114099,16094,7.24,2.48,2.21,1.73,true
0XuOkYlUWIs,13 Reasons Why: Season 2 | Official Trailer [HD] | Netflix,Netflix,18.10.05,4145678,166732,16437,4.02,2.48,3.89,4.28,true
D7plDibrP1U,Father on worst nightmare of daughter trapped in school during shooting,CBS News,18.16.02,2163702,10808,14398,0.5,2.48,2.74,2.89,true
5LoBGoQPUNc,Jennifer Lawrence Takes a Lie Detector Test | Vanity Fair,Vanity Fair,18.05.03,4650696,97975,7703,2.11,2.48,2.19,2.64,true
H0g4JxKp4fc,*cough*,jacksfilms,18.14.03,2305537,225422,41490,9.78,2.48,2.5,0.93,true
FhllRWReNEE,Melting Every Lipstick From Sephora Together,Safiya Nygaard,18.20.04,6885940,381573,376672,5.54,2.47,3.05,4.49,true
w9JrUVI_h4I,Crow - Simon's Cat | SHORTS,Simon's Cat,18.13.06,1075057,40324,1798,3.75,2.47,2.24,1.84,true
vYb4_ARPNfo,David Cross Walks Out Of His Interview,The Late Show with Stephen Colbert,18.25.05,1824164,13734,1898,0.75,2.47,0.87,0.48,true
w2Es7-c9GAk,Selena Gomez Delivers Emotional First Performance of 'Wolves' at the AMAs -- Watch!,Entertainment Tonight,17.26.11,1985412,9597,2101,0.48,2.47,2.61,0.15,true
y3qfeoqErtY,How Overnight Shipping Works,Wendover Productions,18.22.02,1841658,48975,3195,2.66,2.47,2.41,0.18,true
4kDklB6-69Q,Poo Bear ft. Justin Bieber & Jay Electronica - Hard 2 Face Reality (Lyric Video),Hannah Stocking,18.18.04,19924745,682256,55270,3.42,2.47,2.69,2.78,true
NWOz3OZ6J9M,Men arrested at Starbucks speak out,ABC News,18.14.05,1596487,17105,31931,1.07,2.47,2.81,2.76,true
H0g4JxKp4fc,*cough*,jacksfilms,18.13.03,2297911,225180,41492,9.8,2.46,2.49,0.93,true
QBOzHhuTzvw,"Full Actresses Roundtable: Saoirse Ronan, Jennifer Lawrence, Mary J Blige | Close Up With THR",The Hollywood Reporter,18.16.02,274030,4905,1285,1.79,2.46,2.77,2.45,true
CWAX-tiepMo,RWBY Volume 5: Chapter 14 - Haven's Fate | Rooster Teeth,Rooster Teeth,18.03.02,1380940,49981,20286,3.62,2.46,2.58,2.64,true
OBOm_jatVCI,Blind Fast Food Sub Sandwich Taste Test,Good Mythical Morning,18.20.03,2258190,39674,4883,1.76,2.46,1.75,1.3,true
9v_rtaye2yY,"Migos, Nicki Minaj, Cardi B - MotorSport (Official)",MigosVEVO,17.15.12,23575103,548457,55676,2.33,2.46,1.92,1.55,true
0r-zYs6NQu8,What If You Didn't Sleep For A Week? ft. TheOdd1sOut,Life Noggin,18.23.03,1349890,57387,16069,4.25,2.46,3.69,3.78,true
hLgIghY-FGc,I Tried to Bathe All My Pets,Taylor Nicole Dean,17.26.11,818533,42798,5748,5.23,2.45,1.55,-0.47,true
wbSwFU6tY1c,Falcon Heavy Test Flight,SpaceX,18.10.02,18026231,358132,35302,1.99,2.45,2.45,2.51,true
rjlxc-vxNBA,Goodbye 3 Million Subscribers,Wong Fu Productions,18.24.01,525285,35518,3454,6.76,2.45,2.45,2.25,true
oiC_HG3u-nk,Starving polar bear video exposes climate change impact,Guardian News,17.13.12,1328518,8472,6865,0.64,2.45,1.88,2.54,true
LvC8VzCcI88,LaurDIY and Alex Wassabi's Epic Two-Tone Room Makeover!,Mr. Kate,18.22.02,2392184,133550,7246,5.58,2.45,2.45,1.73,true
H08xgoXkpa8,"Snoop Dogg Weighs In On Kanye's Controversial Comments, Friendship With Martha Stewart | The View",The View,18.01.06,828227,10041,2705,1.21,2.45,2.34,2.3,true
5GRyr0noXrw,BOWLING BALL Vs. TRAMPOLINE from 45m!,How Ridiculous,18.22.03,22678048,453423,40757,2.0,2.45,2.14,0.0,true
CZkUNPBlJIQ,Carpool Karaoke w/ Adam Levine,The Late Late Show with James Corden,18.03.06,7408918,174784,9031,2.36,2.45,1.4,1.0,true
20bpjtCbCz0,Deadpool 2: The Final Trailer,20th Century Fox,18.14.05,24152049,429341,28740,1.78,2.45,1.59,1.92,true
H0g4JxKp4fc,*cough*,jacksfilms,18.12.03,2292736,224986,41467,9.81,2.44,2.49,0.92,true
qF7SRQFd49E,Anderson Cooper’s tribute to his friend Anthony Bourdain,CNN,18.14.06,2849993,37374,9559,1.31,2.44,2.11,0.05,true
__4c1JCHvaQ,Logic Solves a Rubik's Cube While Eating Spicy Wings | Hot Ones,First We Feast,17.10.12,3090438,167927,20818,5.43,2.44,3.4,3.27,true
kewIE0Zw6yY,A Thirsty Sidewalk,Daily Dose Of Internet,18.14.03,6183923,135311,13501,2.19,2.44,2.4,2.09,true
NKmGVE85GUU,Why can't you divide by zero? - TED-Ed,TED-Ed,18.28.04,1001705,34648,2781,3.46,2.44,2.71,2.61,true
4CGBSGEkbKA,Oprah Winfrey - 2018 Golden Globes - Full Backstage Speech,Variety,18.12.01,1086906,6543,2248,0.6,2.44,2.54,0.76,true
8-u5nd2GqNE,The Secret Protocol for When the Queen Dies,Half as Interesting,17.21.11,1021443,25927,4476,2.54,2.44,2.39,1.64,true
Qcj15vHJTtk,Royal Wedding - SNL,Saturday Night Live,18.14.06,8607264,66559,8382,0.77,2.44,1.69,1.37,true
y3qfeoqErtY,How Overnight Shipping Works,Wendover Productions,18.21.02,1825716,48700,3172,2.67,2.44,2.38,0.16,true
fN5HV79_8B8,Oprah Winfrey Receives Cecil B. de Mille Award at the 2018 Golden Globes,NBC,18.14.01,7878889,139665,26132,1.77,2.44,2.37,2.17,true
hwQnXjZwQUQ,10 BEST Moments From 2018 Golden Globes,Clevver News,18.12.01,1721172,10906,2857,0.63,2.44,1.76,2.31,true
Q3jege0p0dQ,Marc Spelmann gets the first Golden Buzzer of 2018 | Auditions Week 1 | Britain’s Got Talent 2018,Britain's Got Talent,18.21.04,9638151,224462,0,2.33,2.44,2.8,,true
TI5bEf-BULU,How Michael B. Jordan's Black Panther Makeup Was Done — Exclusive Behind The Scenes,INSIDER,18.14.05,12027088,120823,5318,1.0,2.43,2.32,2.28,true
r8FQ5wUYm9c,Don't Talk - Cyanide & Happiness Shorts,ExplosmEntertainment,17.11.12,2163052,80029,4830,3.7,2.43,2.44,1.61,true
Qcj15vHJTtk,Royal Wedding - SNL,Saturday Night Live,18.12.06,8570085,66379,8372,0.77,2.43,1.68,1.37,true
CP6aYDssDSE,Eating BRUNCH at Taiwan 7-ELEVEN,Strictly Dumpling,18.27.02,2093619,38187,5490,1.82,2.43,2.02,1.89,true
Qcj15vHJTtk,Royal Wedding - SNL,Saturday Night Live,18.13.06,8589119,66465,8380,0.77,2.43,1.69,1.37,true
jlmNwjdYVnk,Boy Sings Out in Walmart || ViralHog,ViralHog,18.19.04,2051675,34516,6514,1.68,2.43,2.35,2.21,true
Ucjgl-4s2nw,A Special Message From This Is Us (Promo),This Is Us,18.05.02,560649,4982,912,0.89,2.43,2.35,2.25,true
DGdSlnw4D_M,Fortnite | Real Life Battle Royale!!,Team Edge,18.20.05,2889410,37587,5710,1.3,2.43,1.88,0.84,true
UXNnAB3ugPU,How My Makeup Looks Under a Microscope,Tina Yong,18.13.06,4131813,106646,5088,2.58,2.43,2.38,2.32,true
V0HCZ4YGqbw,La de da de da de da de day oh,bill wurtz,18.24.01,3362369,295288,33900,8.78,2.43,2.48,2.44,true
VLxl1UeuwHY,GOD LEVEL Street Food in Mexico - Sandwich NINJA with SUPER FAST Cutting Skills + Mexican Chicken,The Food Ranger,18.20.02,1794493,28780,5557,1.6,2.43,2.13,1.71,true
OBOm_jatVCI,Blind Fast Food Sub Sandwich Taste Test,Good Mythical Morning,18.19.03,2237102,39435,4867,1.76,2.42,1.73,1.29,true
4nqJiBRNQuw,Pastry Chef Attempts To Make Gourmet Kit Kats | Gourmet Makes | Bon Appétit,Bon Appétit,18.11.05,3081444,71343,5455,2.32,2.42,2.34,1.93,true
I7LJIuB2CHE,Elon Musk on how Falcon Heavy will change space travel,The Verge,18.10.02,1946302,54363,5455,2.79,2.42,3.2,2.19,true
t9GNMVfEiG4,Gingerbread Cookies - You Suck at Cooking (episode 70),You Suck At Cooking,17.28.12,1432719,56560,6514,3.95,2.42,2.51,1.96,true
MIQKlHSD89E,Tiny Donkey Thinks He's Actually A Dog  | The Dodo,The Dodo,18.04.04,3909702,113160,6552,2.89,2.42,2.55,1.73,true
7bfS6seiLhk,The Kissing Booth | Official Trailer [HD] | Netflix,Netflix,18.05.05,4072655,89336,3598,2.19,2.42,1.81,0.47,true
bMrRN99DYKU,Selena Gomez Tearfully Accepts Woman of the Year Award at Billboard's Women in Music 2017,Billboard,17.05.12,4160214,115911,9003,2.79,2.42,0.63,0.75,true
nWZMfPP34g8,BITTEN by a GIANT DESERT CENTIPEDE!,Brave Wilderness,17.24.12,5194700,165880,40090,3.19,2.42,3.33,3.37,true
dt7fU9H8tz8,Women Try A One-Size-Fits-All Bridesmaid Dress,As/Is,18.20.03,2606093,52945,2633,2.03,2.42,1.89,1.12,true
Qcj15vHJTtk,Royal Wedding - SNL,Saturday Night Live,18.11.06,8548321,66287,8371,0.78,2.42,1.68,1.37,true
H0g4JxKp4fc,*cough*,jacksfilms,18.11.03,2285567,224694,41464,9.83,2.42,2.48,0.92,true
Sqbv7cCM5AI,björk: utopia,Björk,17.12.12,462066,16375,2068,3.54,2.42,1.59,2.0,true
we5djgQwK9w,Whats In My HUGE Fridge?,Rosanna Pansino,18.09.05,3512872,127461,19594,3.63,2.41,2.26,2.12,true
iC7wWFQUUqU,Keith Urban - Coming Home ft. Julia Michaels,KeithUrbanVEVO,18.13.06,1691068,15596,401,0.92,2.41,2.05,0.27,true
V6wWKNij_1M,Hereditary | Official Trailer HD | A24,A24,18.06.02,2497708,16034,1528,0.64,2.41,0.23,-0.08,true
YpnV0M6XTc8,€20 IN PARIS vs $20 IN NY,DamonAndJo,18.23.01,192638,10752,770,5.58,2.41,2.43,2.2,true
V-F7tpdPZ-E,Faking My Death In Front of My Cat - Mean Kitty Reacts,TheMeanKitty,18.16.02,791774,27868,3738,3.52,2.41,2.35,2.38,true
FFsp5b4AUTE,"Roman Reigns is brutally ambushed by Brock Lesnar: Raw, March 19, 2018",WWE,18.23.03,8198243,88916,20555,1.08,2.41,1.48,3.44,true
JDkHmQEOkYo,T & P Makeup Look,Sailor J,18.27.02,348104,23899,1749,6.87,2.41,1.5,-0.44,true
kxMC7g_sKjw,Jim Carrey Crashes Jeff Daniels' CONAN Interview  - CONAN on TBS,Team Coco,18.25.04,3637532,42136,3812,1.16,2.41,0.88,2.61,true
Qcj15vHJTtk,Royal Wedding - SNL,Saturday Night Live,18.10.06,8534145,66248,8363,0.78,2.41,1.68,1.36,true
3yy-dKTmyOo,"Milo Manheim, Meg Donnelly - Someday (From ZOMBIES)",DisneyMusicVEVO,18.02.03,7109938,81237,12724,1.14,2.4,2.17,2.06,true
Z1rZAT2GtmI,Expiration Dates Don't Mean What You Think,CollegeHumor,17.25.11,2131820,46913,5426,2.2,2.4,1.17,1.41,true
H0g4JxKp4fc,*cough*,jacksfilms,18.10.03,2277948,224419,41460,9.85,2.4,2.48,0.92,true
w2Es7-c9GAk,Selena Gomez Delivers Emotional First Performance of 'Wolves' at the AMAs -- Watch!,Entertainment Tonight,17.25.11,1948989,9479,2134,0.49,2.4,2.57,0.16,true
EsaHiIdsKpE,Melania Trump Gives Her Own State Of The Union,The Late Show with Stephen Colbert,18.06.02,1794696,18182,2782,1.01,2.4,1.55,1.07,true
Qcj15vHJTtk,Royal Wedding - SNL,Saturday Night Live,18.09.06,8503729,66130,8355,0.78,2.4,1.67,1.36,true
w9JrUVI_h4I,Crow - Simon's Cat | SHORTS,Simon's Cat,18.12.06,1057410,40042,1782,3.79,2.4,2.21,1.81,true
ZwoDYJWWXW0,"Alan Walker, Keala Settle & The Greatest Showman Ensemble - This Is Me (Alan Walker Relift)",Alan Walker,18.06.04,5540367,167164,10668,3.02,2.4,1.82,1.58,true
pMpQABKlC-I,How To Speak Internet 101 (ft. Will Smith),IISuperwomanII,17.30.12,3811016,231458,22202,6.07,2.4,2.18,2.44,true
3S6HQGHqQa0,I spent a day with FLAT EARTH believers,AnthonyPadilla,18.13.02,527651,21612,6757,4.1,2.4,0.41,3.23,true
OrnpSe4OChM,Mean Tweets – Avengers Edition,Jimmy Kimmel Live,18.02.05,5221478,154954,11225,2.97,2.4,4.14,1.67,true
fS2fsa1fuIw,"If It Fits, I Sits...",Cole and Marmalade,18.29.03,1202228,39642,2667,3.3,2.39,2.17,1.72,true
Qcj15vHJTtk,Royal Wedding - SNL,Saturday Night Live,18.08.06,8482595,66039,8342,0.78,2.39,1.67,1.36,true
dPWg-A9tiRI,Drunk History - Rose Valland Takes On the Nazis,Comedy Central,18.30.01,1173366,7732,416,0.66,2.39,2.0,1.29,true
O8hm2Ml-pA8,Khalid - Fast Car (Tracy Chapman cover) in the Live Lounge,BBCRadio1VEVO,18.23.03,1759167,37479,1063,2.13,2.39,1.52,1.16,true
kz1xzBYppW8,Heartbreaking video of schoolboy Keaton Jones recounting being bullied,Guardian News,17.16.12,1302317,11450,5539,0.88,2.39,2.74,1.95,true
0bSE-rh7jFg,When the girl you're wrestling has a tough little brother  - 979280,RM Videos,17.16.12,606192,646,107,0.11,2.39,0.04,0.07,true
jlmNwjdYVnk,Boy Sings Out in Walmart || ViralHog,ViralHog,18.18.04,2029850,34209,6485,1.69,2.39,2.32,2.2,true
4WnizmrnJlk,Matt Lauer Sexual Harassment Allegations; Trump's Unhinged Tweets: A Closer Look,Late Night with Seth Meyers,17.05.12,2817216,26544,3377,0.94,2.39,1.72,1.27,true
y3qfeoqErtY,How Overnight Shipping Works,Wendover Productions,18.20.02,1803655,48343,3165,2.68,2.39,2.35,0.16,true
we5djgQwK9w,Whats In My HUGE Fridge?,Rosanna Pansino,18.08.05,3489355,126908,19507,3.64,2.39,2.25,2.1,true
f6Egj7ncOi8,FULL FACE USING ONLY MY MOM'S MAKEUP Challenge | NikkieTutorials,NikkieTutorials,18.05.01,3876875,323623,137411,8.35,2.39,3.12,3.11,true
_fVUX6-7VKE,"7.9 earthquake hits near Kodiak, AK",Fox News,18.30.01,1189824,6781,3630,0.57,2.39,2.34,2.23,true
OBOm_jatVCI,Blind Fast Food Sub Sandwich Taste Test,Good Mythical Morning,18.18.03,2215447,39203,4835,1.77,2.38,1.71,1.28,true
ZWAkzvL5Ho4,Bleach Blonde Baby Teaser,Poppy,17.13.12,1382900,23250,4566,1.68,2.38,-0.3,0.08,true
SM1w9PEQOE8,Demi Lovato - Tell Me You Love Me,DemiLovatoVEVO,17.09.12,28860037,1251825,77905,4.34,2.38,1.83,1.86,true
LTWh-i-iJqM,Star Wars The Last Jedi First Reactions And World Premiere Report - The John Campea Show,John Campea,17.13.12,100786,3257,656,3.23,2.38,2.51,-0.51,true
4nqJiBRNQuw,Pastry Chef Attempts To Make Gourmet Kit Kats | Gourmet Makes | Bon Appétit,Bon Appétit,18.10.05,3042629,70691,5435,2.32,2.38,2.3,1.92,true
Qcj15vHJTtk,Royal Wedding - SNL,Saturday Night Live,18.07.06,8457468,65930,8347,0.78,2.38,1.66,1.36,true
TdyllLZeviY,Charlie Puth - Done For Me (feat. Kehlani) [Official Video],Charlie Puth,18.03.05,11979805,408461,17964,3.41,2.38,2.91,2.18,true
l_lblj8Cq0o,"G-Eazy - No Limit REMIX ft. A$AP Rocky, Cardi B, French Montana, Juicy J, Belly",GEazyMusicVEVO,18.02.01,45938392,728696,43541,1.59,2.38,1.7,1.57,true
7C2z4GqqS5E,BTS (방탄소년단) 'FAKE LOVE' Official MV,ibighit,18.27.05,103786733,5386959,1189456,5.19,2.38,2.2,2.21,true
elwTgpHlty0,[OFFICIAL VIDEO] HAVANA - PENTATONIX,PTXofficial,18.05.03,8383945,386585,20654,4.61,2.38,2.16,2.03,true
kD-_iyS95AQ,History of TV Theme Songs with Will Smith,The Tonight Show Starring Jimmy Fallon,18.04.04,5386126,68124,3652,1.26,2.38,0.73,0.54,true
sjN-NGsRg9g,Crawling (One More Light Live) - Linkin Park,Linkin Park,17.11.12,2302545,129661,8213,5.63,2.38,1.7,1.35,true
6xUPaVfmcUs,Kevin Hart on Lavar Ball and His Least Favorite Son | Cold As Balls | Laugh Out Loud Network,LOL Network,18.15.02,6566903,136988,6082,2.09,2.38,2.88,2.56,true
H0g4JxKp4fc,*cough*,jacksfilms,18.09.03,2269303,224096,41420,9.88,2.38,2.47,0.92,true
Huab6p5HW0E,John Oliver Warns Meghan Markle What She's Getting Herself Into,The Late Show with Stephen Colbert,18.09.02,1781966,24138,1683,1.35,2.38,2.47,0.34,true
5n9xafjynJA,Tesla Semi truck and Roadster event in 9 minutes,The Verge,17.20.11,1923738,35159,5336,1.83,2.38,1.77,2.12,true
Hvysy11716g,Why We Pick Difficult Partners,The School of Life,18.04.02,583356,24805,1130,4.25,2.37,2.52,0.86,true
VMRIc4ayRlM,JUSTICE LEAGUE A Box Office Disaster - Box Office Report,John Campea,17.21.11,100504,3058,3426,3.04,2.37,2.2,3.45,true
5ek2W8hUvGw,My Sister in Real Life,itsAlexClark,18.13.05,2147339,78406,5989,3.65,2.37,2.31,0.98,true
WmYCUljsrDg,Log Cabin TIMELAPSE Built By ONE MAN In The Forest (Real Life Minecraft),My Self Reliance,18.17.01,295231,8034,784,2.72,2.37,2.17,1.8,true
TI5bEf-BULU,How Michael B. Jordan's Black Panther Makeup Was Done — Exclusive Behind The Scenes,INSIDER,18.13.05,11792860,119044,5268,1.01,2.37,2.28,2.25,true
OdpHOc7vqHA,Testing Nail Products from Wish Nails Remove Toes Hollow Nail Polish Peel-off Nails Wish Buy Now,Simply Nailogical,17.08.12,3336924,117732,12125,3.53,2.37,-0.02,-0.54,true
WOUZxG1JcGI,What It's Like To Be Absolutely Obsessed With Bitcoin (HBO),VICE News,17.18.12,747672,5966,1188,0.8,2.37,2.28,1.87,true
jG1JY0rt2Os,Fall Out Boy - HOLD ME TIGHT OR DON’T,FallOutBoyVEVO,17.22.11,3821846,177700,15815,4.65,2.37,1.89,1.75,true
CZkUNPBlJIQ,Carpool Karaoke w/ Adam Levine,The Late Late Show with James Corden,18.02.06,7225366,172028,8946,2.38,2.37,1.37,0.98,true
CWAX-tiepMo,RWBY Volume 5: Chapter 14 - Haven's Fate | Rooster Teeth,Rooster Teeth,18.02.02,1355581,49557,20118,3.66,2.37,2.54,2.62,true
Qcj15vHJTtk,Royal Wedding - SNL,Saturday Night Live,18.06.06,8431913,65829,8330,0.78,2.37,1.66,1.35,true
gob0unzEdRw,Melania Trump Is Dreaming Of A Dark Christmas,The Late Show with Stephen Colbert,17.05.12,1778470,18940,4306,1.06,2.37,1.67,2.07,true
GpxCT36DxKg,MOWGLI - Official 1st Trailer,Warner Bros. Pictures,18.05.06,14100194,122783,18627,0.87,2.37,1.89,1.49,true
V5cOvyDpWfM,Fergie Performs The U.S. National Anthem / 2018 NBA All-Star Game,MLG Highlights,18.23.02,18226395,46374,56686,0.25,2.37,2.03,2.44,true
qpkXi0-XkxI,Did Tyler Predict Khloe Kardashian’s Drama With Tristan? | Hollywood Medium with Tyler Henry | E!,E! Entertainment,18.30.04,1953661,16054,1621,0.82,2.37,2.44,2.32,true
K_XXXDPODmw,Taking Riverdale Quizzes with Camila Mendes and Hart Denton| Madelaine Petsch,Madelaine Petsch,18.15.02,1600770,107556,3999,6.72,2.37,2.19,1.99,true
6ZfuNTqbHE8,Marvel Studios' Avengers: Infinity War Official Trailer,Marvel Entertainment,17.02.12,66637636,2331351,316180,3.5,2.37,2.71,2.85,true
h5XzGyjEkkc,Dog Cries Every Time He's Touched — Until He Meets This Woman | The Dodo,The Dodo,17.03.12,3855331,78644,10393,2.04,2.37,1.55,3.18,true
eEdPnm-AZ94,Wanna Be Startin' Somethin' w/ the Stars! | Lip Sync Battle Live: A Michael Jackson Celebration,Lip Sync Battle,18.22.01,732055,10644,726,1.45,2.36,2.49,2.15,true
we5djgQwK9w,Whats In My HUGE Fridge?,Rosanna Pansino,18.07.05,3457312,126157,19436,3.65,2.36,2.23,2.09,true
P_If9xMyl10,The Voice 2018 Blind Audition - Stephanie Skipper: Piece By Piece,The Voice,18.20.03,3000556,34080,1796,1.14,2.36,2.15,-0.08,true
t0VsbEqfAvo,"24 HOUR BOX FORT PRISON ESCAPE ROOM!! 📦🚔 Secret UNDERGROUND Tunnel, SPY GADGETS & More!",Papa Jake,18.10.05,5352705,68869,25538,1.29,2.36,2.06,1.7,true
TX0UsGn0GPc,Mini Wedding Cake for Valentine's Day Teeny Weeny Challenge #4,How To Cook That,18.15.02,472112,10458,2075,2.22,2.36,1.65,2.26,true
8Y5-GI9hYcI,"Abraham Mateo, Yandel, Jennifer Lopez - Se Acabó el Amor",AbrahamMateoVEVO,18.15.05,29075706,304469,10190,1.05,2.36,1.74,1.65,true
fJe0cmOvM94,Match the Job to the Person | Lineup | Cut,Cut,18.10.02,2073539,55456,2600,2.67,2.36,1.99,1.33,true
kD-_iyS95AQ,History of TV Theme Songs with Will Smith,The Tonight Show Starring Jimmy Fallon,18.03.04,5356479,67845,3646,1.27,2.36,0.72,0.53,true
jlmNwjdYVnk,Boy Sings Out in Walmart || ViralHog,ViralHog,18.17.04,2009445,33873,6453,1.69,2.36,2.29,2.19,true
H0g4JxKp4fc,*cough*,jacksfilms,18.08.03,2260143,223803,41394,9.9,2.36,2.47,0.92,true
JzA097DmNTI,Rescued Chimp Helps Out on Flight over Africa,Associated Press,18.12.03,261610,2931,0,1.12,2.36,2.36,-0.42,true
jYuQzAxBVZU,"Benedict Cumberbatch, Tom Hiddleston and Tom Holland dish on 'Avengers: Infinity War'",Good Morning America,18.15.05,1270251,26596,1691,2.09,2.36,2.89,0.44,true
Bs-Hr-gEJAU,Shawn Mendes - Youth (Lyric Video) ft. Khalid,ShawnMendesVEVO,18.21.05,29687034,852872,40413,2.87,2.36,1.08,0.67,true
8LPVjHxXvJM,Jimmy Interviews Cardi B,The Tonight Show Starring Jimmy Fallon,17.23.12,5356548,141037,16863,2.63,2.36,2.13,4.96,true
_fVUX6-7VKE,"7.9 earthquake hits near Kodiak, AK",Fox News,18.29.01,1177548,6752,3629,0.57,2.36,2.33,2.23,true
GpxCT36DxKg,MOWGLI - Official 1st Trailer,Warner Bros. Pictures,18.04.06,14064010,122638,18556,0.87,2.36,1.88,1.49,true
gDXwhHm4GhM,Everything Wrong With Thor Ragnarok In 15 Minutes Or Less,CinemaSins,18.11.05,4421781,82763,10978,1.87,2.35,1.77,1.07,true
Qcj15vHJTtk,Royal Wedding - SNL,Saturday Night Live,18.05.06,8390391,65649,8324,0.78,2.35,1.65,1.35,true
-sXnoM6rDB4,I GOT FIRED...,Jack Coyne,18.10.02,738118,30875,2327,4.18,2.35,2.28,2.06,true
qpkXi0-XkxI,Did Tyler Predict Khloe Kardashian’s Drama With Tristan? | Hollywood Medium with Tyler Henry | E!,E! Entertainment,18.29.04,1939685,15997,1619,0.82,2.35,2.43,2.31,true
GpxCT36DxKg,MOWGLI - Official 1st Trailer,Warner Bros. Pictures,18.03.06,14015057,122437,18473,0.87,2.35,1.88,1.48,true
QBOzHhuTzvw,"Full Actresses Roundtable: Saoirse Ronan, Jennifer Lawrence, Mary J Blige | Close Up With THR",The Hollywood Reporter,18.15.02,266106,4803,1282,1.8,2.35,2.69,2.44,true
dt7fU9H8tz8,Women Try A One-Size-Fits-All Bridesmaid Dress,As/Is,18.19.03,2560454,52275,2533,2.04,2.35,1.84,1.01,true
Wzq4qbNRFrw,HIGH SCHOOL IN 2008 VS 2018,Smosh,18.05.06,2756148,78474,6972,2.85,2.35,1.99,1.53,true
-C_rvt0SwLE,Imagine Dragons - Next To Me (Audio),ImagineDragonsVEVO,18.01.03,11773962,397715,20481,3.38,2.35,1.51,0.95,true
w9JrUVI_h4I,Crow - Simon's Cat | SHORTS,Simon's Cat,18.11.06,1043229,39760,1781,3.81,2.34,2.18,1.81,true
i0p1bmr0EmE,TWICE What is Love? M/V,jypentertainment,18.27.04,69295519,1324609,238744,1.91,2.34,1.54,1.38,true
coOKvrsmQiI,RAMPAGE - OFFICIAL TRAILER 1 [HD],Warner Bros. Pictures,17.21.11,13987067,137904,25189,0.99,2.34,2.23,2.31,true
kD-_iyS95AQ,History of TV Theme Songs with Will Smith,The Tonight Show Starring Jimmy Fallon,18.02.04,5318521,67499,3635,1.27,2.34,0.72,0.53,true
sfxilYIycTc,GET READY WITH ME FOR THE MILITARY BALL! | Casey Holmes,Casey Holmes,18.14.06,521611,22478,1861,4.31,2.34,2.07,1.93,true
yDiXQl7grPQ,Do You Hear Yanny or Laurel? (SOLVED with SCIENCE),AsapSCIENCE,18.21.05,32844195,485674,152136,1.48,2.34,2.5,2.49,true
LvC8VzCcI88,LaurDIY and Alex Wassabi's Epic Two-Tone Room Makeover!,Mr. Kate,18.21.02,2327813,131547,7105,5.65,2.34,2.39,1.66,true
Ml9v3wHLuWI,Will Smith Tries Online Dating,Will Smith,18.07.04,8247001,246628,19209,2.99,2.34,2.04,2.15,true
nkXGohB02V0,Fast Food (A Thanksgiving Special) - Simon's Cat | BLACK & WHITE,Simon's Cat,17.27.11,1042171,32444,1428,3.11,2.34,1.4,1.12,true
GpxCT36DxKg,MOWGLI - Official 1st Trailer,Warner Bros. Pictures,18.02.06,13962185,122189,18420,0.88,2.33,1.87,1.47,true
OBOm_jatVCI,Blind Fast Food Sub Sandwich Taste Test,Good Mythical Morning,18.17.03,2190599,38870,4810,1.77,2.33,1.68,1.26,true
kewIE0Zw6yY,A Thirsty Sidewalk,Daily Dose Of Internet,18.13.03,6019399,133340,13386,2.22,2.33,2.33,2.04,true
NWOz3OZ6J9M,Men arrested at Starbucks speak out,ABC News,18.07.05,1532781,16639,31203,1.09,2.33,2.71,2.69,true
wwZ-T_WQ03A,Rick and Morty: Why Morty Matters,ScreenPrism,17.17.11,277792,6408,591,2.31,2.33,2.23,0.02,true
Qcj15vHJTtk,Royal Wedding - SNL,Saturday Night Live,18.04.06,8353873,65499,8321,0.78,2.33,1.64,1.35,true
dcipHnWcB0w,Kim Kardashian's Surrogate Didn't Know Whose Baby She Was Carrying!,The Real Daytime,17.24.11,715011,6037,587,0.84,2.33,1.9,0.39,true
H0g4JxKp4fc,*cough*,jacksfilms,18.07.03,2248844,223337,39833,9.93,2.33,2.46,0.82,true
_fVUX6-7VKE,"7.9 earthquake hits near Kodiak, AK",Fox News,18.28.01,1164431,6729,3626,0.58,2.33,2.32,2.23,true
qQn6TsbYrH8,BIG SHAQ - MAN DON'T DANCE (OFFICIAL MUSIC VIDEO),Michael Dapaah,18.14.06,6891734,400420,36025,5.81,2.33,2.15,2.06,true
YLPNjaAOrBw,Did Alexa Lose Her Voice? - Teaser - Amazon Super Bowl Commercial LII,amazon,18.31.01,9627575,1007,264,0.01,2.33,-1.41,-0.96,true
H08xgoXkpa8,"Snoop Dogg Weighs In On Kanye's Controversial Comments, Friendship With Martha Stewart | The View",The View,18.31.05,804841,9865,2651,1.23,2.33,2.28,2.22,true
MIQKlHSD89E,Tiny Donkey Thinks He's Actually A Dog  | The Dodo,The Dodo,18.03.04,3801056,110716,6477,2.91,2.33,2.48,1.7,true
Ev9rOA2Yjs0,5 McDonald's Gadgets put to the Test!,CrazyRussianHacker,18.15.01,2074253,41379,3992,1.99,2.33,1.14,0.34,true
we5djgQwK9w,Whats In My HUGE Fridge?,Rosanna Pansino,18.06.05,3412044,125072,19309,3.67,2.32,2.2,2.07,true
-oOlAGKBXnA,I Won't Wear A Jacket,Gus Johnson,17.13.12,1299377,45957,2463,3.54,2.32,2.22,2.05,true
iGXYZwZEZa0,How small a hole can a mouse get through?  Experiments.,Matthias Wandel,17.14.12,2606062,31361,6927,1.2,2.32,2.26,2.34,true
qpkXi0-XkxI,Did Tyler Predict Khloe Kardashian’s Drama With Tristan? | Hollywood Medium with Tyler Henry | E!,E! Entertainment,18.28.04,1926158,15928,1618,0.83,2.32,2.42,2.31,true
rjlxc-vxNBA,Goodbye 3 Million Subscribers,Wong Fu Productions,18.23.01,510986,34713,3397,6.79,2.32,2.35,2.19,true
arJ5h2TY3I4,FANTASY (feat. Amber Liu) by SUPERFRUIT,SUPERFRUIT,17.16.11,1233722,115781,9706,9.38,2.32,2.31,2.18,true
4nqJiBRNQuw,Pastry Chef Attempts To Make Gourmet Kit Kats | Gourmet Makes | Bon Appétit,Bon Appétit,18.09.05,2989192,69772,5371,2.33,2.32,2.26,1.88,true
w2Es7-c9GAk,Selena Gomez Delivers Emotional First Performance of 'Wolves' at the AMAs -- Watch!,Entertainment Tonight,17.24.11,1902473,9294,1913,0.49,2.32,2.5,0.07,true
kxMC7g_sKjw,Jim Carrey Crashes Jeff Daniels' CONAN Interview  - CONAN on TBS,Team Coco,18.24.04,3554029,41695,3797,1.17,2.32,0.86,2.6,true
GpxCT36DxKg,MOWGLI - Official 1st Trailer,Warner Bros. Pictures,18.01.06,13893887,121837,18337,0.88,2.32,1.86,1.46,true
wIimU5-UEPc,Can Selena Gomez remember her own lyrics?,BBC Radio 1,18.19.02,3795887,105180,5605,2.77,2.32,1.7,1.13,true
dT5ALH3ICTc,$2 Bacon Vs. $100 Bacon,BuzzFeedVideo,18.22.03,6037731,132975,13109,2.2,2.32,2.32,1.64,true
fGHOLz35L8M,Yellow Labrador dumped after being used for breeding puppies.  Look how happy she is now!,Hope For Paws - Official Rescue Channel,18.16.01,1173790,36014,3000,3.07,2.31,2.1,1.92,true
h8Q3IhUwX_4,Lili Reinhart and Camila Mendes Read Absurd Riverdale Fan Theories | ELLE,ELLE,17.13.12,810921,31803,1642,3.92,2.31,2.44,2.35,true
y3qfeoqErtY,How Overnight Shipping Works,Wendover Productions,18.19.02,1771000,47821,3127,2.7,2.31,2.29,0.13,true
s31XTrGJchQ,James Bay - Us,JamesBayVEVO,18.06.05,11452121,102215,1947,0.89,2.31,2.06,0.98,true
GpxCT36DxKg,MOWGLI - Official 1st Trailer,Warner Bros. Pictures,18.31.05,13842101,121576,18211,0.88,2.31,1.86,1.44,true
kD-_iyS95AQ,History of TV Theme Songs with Will Smith,The Tonight Show Starring Jimmy Fallon,18.01.04,5268742,67172,3627,1.27,2.31,0.71,0.53,true
Qx54quy9tDQ,Macaulay Culkin Responds to Home Alone Conspiracy Theories,The Tonight Show Starring Jimmy Fallon,18.07.03,5270624,75955,13116,1.44,2.31,0.88,3.71,true
jlmNwjdYVnk,Boy Sings Out in Walmart || ViralHog,ViralHog,18.16.04,1977980,33500,6439,1.69,2.31,2.26,2.18,true
uA8GdJJqz_s,Physicist Stephen Hawking has died,CNN,18.16.03,2740785,49073,27280,1.79,2.31,2.99,1.67,true
xLkHEZTSeoU,Casey Neistat Melts His Face Off While Eating Spicy Wings | Hot Ones,First We Feast,17.18.12,2983150,132086,12511,4.43,2.31,2.44,1.49,true
P3Bd3HUMkyU,First Look at Nintendo Labo,Nintendo,18.20.01,7241896,222479,56902,3.07,2.31,2.65,2.44,true
SagsqxiVStM,BEIRUT | Official Trailer,Bleecker Street,18.17.01,5186780,510,665,0.01,2.31,-0.93,-0.12,true
w9JrUVI_h4I,Crow - Simon's Cat | SHORTS,Simon's Cat,18.10.06,1034377,39604,1775,3.83,2.31,2.17,1.8,true
Qcj15vHJTtk,Royal Wedding - SNL,Saturday Night Live,18.03.06,8303192,65282,8311,0.79,2.31,1.63,1.35,true
EKkzbbLYPuI,Lindsey Stirling - Carol of the Bells,Lindsey Stirling,17.07.12,3890910,175056,7075,4.5,2.31,1.98,2.34,true
VLxl1UeuwHY,GOD LEVEL Street Food in Mexico - Sandwich NINJA with SUPER FAST Cutting Skills + Mexican Chicken,The Food Ranger,18.19.02,1739165,28199,5454,1.62,2.3,2.03,1.62,true
kFjq8PX6F7I,The Coastline Paradox Explained,RealLifeLore,18.06.03,1124169,31924,3352,2.84,2.3,2.32,1.78,true
gDXwhHm4GhM,Everything Wrong With Thor Ragnarok In 15 Minutes Or Less,CinemaSins,18.10.05,4365050,82192,10892,1.88,2.3,1.75,1.05,true
vI4LHl4yFuo,Google - Year In Search 2017,Google,17.19.12,2915560,92085,8736,3.16,2.3,2.0,1.83,true
fN5HV79_8B8,Oprah Winfrey Receives Cecil B. de Mille Award at the 2018 Golden Globes,NBC,18.13.01,7500652,136078,29351,1.81,2.3,2.3,2.5,true
QbDuBTWrU-o,My House Burned Down,William Osman,17.07.12,831235,66778,14190,8.03,2.3,2.63,2.93,true
II-OP6vdMs8,"#MeToo Backlash | January 17, 2018 Act 1 | Full Frontal on TBS",Full Frontal with Samantha Bee,18.21.01,1100283,16291,8540,1.48,2.3,2.47,3.55,true
t0VsbEqfAvo,"24 HOUR BOX FORT PRISON ESCAPE ROOM!! 📦🚔 Secret UNDERGROUND Tunnel, SPY GADGETS & More!",Papa Jake,18.09.05,5273439,68278,25409,1.29,2.3,2.02,1.68,true
wfWIs2gFTAM,Eminem - River ft. Ed Sheeran,EminemVEVO,18.24.02,32730338,1199986,67809,3.67,2.3,1.95,-0.15,true
LtpqdJkoKm8,COLLEGE KIDS REACT TO THIS IS AMERICA - CHILDISH GAMBINO,FBE,18.18.05,4320689,125521,21462,2.91,2.3,1.8,1.15,true
qpkXi0-XkxI,Did Tyler Predict Khloe Kardashian’s Drama With Tristan? | Hollywood Medium with Tyler Henry | E!,E! Entertainment,18.27.04,1913881,15847,1616,0.83,2.3,2.4,2.31,true
NWOz3OZ6J9M,Men arrested at Starbucks speak out,ABC News,18.06.05,1519621,16526,30933,1.09,2.3,2.69,2.66,true
cRTwgPj0qx4,Please don't photoshop our wedding photo. (YIAY #409),jacksfilms,18.29.04,2237519,124746,28489,5.58,2.3,0.58,0.06,true
HTi1c_tLnqw,Nick Jonas - Home,NickJonasVEVO,17.18.12,772962,44874,1465,5.81,2.29,2.19,2.03,true
eOQpjvnm4ME,The Bipartisan Pastime Of Harassing Women,The Late Show with Stephen Colbert,17.20.11,1743129,19277,3881,1.11,2.29,1.72,1.79,true
Qcj15vHJTtk,Royal Wedding - SNL,Saturday Night Live,18.02.06,8256003,65091,8308,0.79,2.29,1.62,1.35,true
WOUZxG1JcGI,What It's Like To Be Absolutely Obsessed With Bitcoin (HBO),VICE News,17.17.12,728931,5872,1185,0.81,2.29,2.22,1.87,true
Ml9v3wHLuWI,Will Smith Tries Online Dating,Will Smith,18.06.04,8114312,243051,18891,3.0,2.29,1.99,2.09,true
qfqVkEYQ1Ls,"Breaking down 'This Is America,' Childish Gambino's chilling new video",Washington Post,18.04.06,8304593,70922,7952,0.85,2.29,2.21,1.04,true
CWAX-tiepMo,RWBY Volume 5: Chapter 14 - Haven's Fate | Rooster Teeth,Rooster Teeth,18.01.02,1332696,49097,19917,3.68,2.29,2.49,2.58,true
OBOm_jatVCI,Blind Fast Food Sub Sandwich Taste Test,Good Mythical Morning,18.16.03,2167506,38567,4763,1.78,2.29,1.65,1.23,true
44W9qstI8H8,Taylor Swift - I Did Something Bad (Cover) | By Shoshana Bean and Cynthia Erivo,Shoshana Bean,17.08.12,568142,22210,1322,3.91,2.29,2.46,2.16,true
TI5bEf-BULU,How Michael B. Jordan's Black Panther Makeup Was Done — Exclusive Behind The Scenes,INSIDER,18.12.05,11457082,116838,5184,1.02,2.29,2.23,2.2,true
kton-qrKNLc,Meghan Trainor - No Excuses,MeghanTrainorVEVO,18.13.03,14846591,331252,22122,2.23,2.29,2.12,2.03,true
eMkZ8GEVgUw,Testing Flex Tape - As Seen On Tv,CrazyRussianHacker,18.06.04,2057636,26843,3552,1.3,2.29,-0.04,0.06,true
Y0D0s9eIKuw,Mixing All My Tea Together *warning: some tea was spilled*,Simply Not Logical,17.19.12,1627758,98772,23395,6.07,2.29,2.12,1.85,true
CwKp6Xhy3_4,Chris Young - Hangin' On,ChrisYoungVEVO,18.14.03,1606993,9035,343,0.56,2.29,1.93,1.59,true
zEf423kYfqk,"Becky G, Natti Natasha - Sin Pijama (Official Video)",BeckyGVEVO,18.15.05,139334502,1425496,83941,1.02,2.29,1.7,1.74,true
4h-XOckOwN8,What Happens If You Fill Up a Car with Coca-Cola?,TechRax,17.22.12,3305225,51291,9900,1.55,2.28,1.5,1.35,true
LQicq60aJaw,FULL Interview: Prince Harry and Meghan Markle  - BBC News,BBC News,17.05.12,1218771,8737,3906,0.72,2.28,0.69,0.87,true
8uvIPHtKoQQ,Is The Last Jedi the Most Divisive Star Wars Movie Ever? (SPOILERS) - SJU,ScreenJunkies News,17.24.12,105046,2709,2222,2.58,2.28,2.4,2.57,true
a7NJ6Gek9v4,ALL TIME GREATEST AIRPLANE SEAT - Emirates First Class Suite,CaseyNeistat,17.19.12,5875258,263740,14042,4.49,2.28,2.33,0.61,true
EFwa5Owp0-k,Not Everyone Should Code,PolyMatter,18.14.05,760827,28605,3183,3.76,2.28,2.1,2.01,true
H0g4JxKp4fc,*cough*,jacksfilms,18.06.03,2228831,222680,39748,9.99,2.28,2.45,0.81,true
O4Kb40pnoOY,Mom and Dad - Official Trailer,Momentum Pictures,17.29.12,45851,335,125,0.73,2.28,2.6,2.66,true
z6A2LHGx8_A,Sigrid - High Five (Official Video),SigridVEVO,18.13.06,4718392,81133,3704,1.72,2.28,1.78,1.5,true
ESyJop31cmY,The Broccoli Tree: A Parable,vlogbrothers,18.20.03,380230,32022,2183,8.42,2.28,2.26,0.63,true
My4RA5I0FKs,Liquid Sand Hot Tub- Fluidized air bed,Mark Rober,17.07.12,10505035,238584,13998,2.27,2.28,2.06,1.95,true
qfqVkEYQ1Ls,"Breaking down 'This Is America,' Childish Gambino's chilling new video",Washington Post,18.03.06,8278934,70766,7960,0.85,2.28,2.2,1.04,true
_fVUX6-7VKE,"7.9 earthquake hits near Kodiak, AK",Fox News,18.27.01,1144929,6681,3621,0.58,2.28,2.3,2.22,true
AvFNCNOyZeE,Round Peg in a Square Hole - Numberphile,Numberphile,18.18.03,610581,12597,545,2.06,2.28,1.13,-0.47,true
_QWZvU7VCn8,Brad Pitt Bid $120k For A Night With Emilia Clarke!  | The Graham Norton Show,The Graham Norton Show,18.23.05,3698452,35283,2188,0.95,2.28,1.43,1.75,true
RK_B4Ez4_5Q,Verizon 360 Live: The Macy’s Thanksgiving Day Parade,Verizon,17.25.11,2618344,45197,3332,1.73,2.27,2.27,2.27,true
kD-_iyS95AQ,History of TV Theme Songs with Will Smith,The Tonight Show Starring Jimmy Fallon,18.31.03,5207548,66698,3596,1.28,2.27,0.7,0.52,true
oNpzeIdOtlk,Who Was the YouTube Shooter? | NYT News,The New York Times,18.22.04,1822026,9202,11096,0.51,2.27,0.26,2.61,true
sfxilYIycTc,GET READY WITH ME FOR THE MILITARY BALL! | Casey Holmes,Casey Holmes,18.13.06,515345,22324,1850,4.33,2.27,2.02,1.89,true
qpkXi0-XkxI,Did Tyler Predict Khloe Kardashian’s Drama With Tristan? | Hollywood Medium with Tyler Henry | E!,E! Entertainment,18.26.04,1901059,15759,1610,0.83,2.27,2.38,2.29,true
Qcj15vHJTtk,Royal Wedding - SNL,Saturday Night Live,18.01.06,8208371,64862,8288,0.79,2.27,1.61,1.34,true
YpnV0M6XTc8,€20 IN PARIS vs $20 IN NY,DamonAndJo,18.22.01,185870,10434,772,5.61,2.27,2.3,2.21,true
f3mOQCjL10g,Ellen Scrolls Through Fans' Instagram Accounts,TheEllenShow,18.03.04,4403389,83610,0,1.9,2.27,1.28,-0.55,true
3S6HQGHqQa0,I spent a day with FLAT EARTH believers,AnthonyPadilla,18.12.02,513465,21146,6479,4.12,2.27,0.34,3.04,true
NWOz3OZ6J9M,Men arrested at Starbucks speak out,ABC News,18.05.05,1506338,16417,30827,1.09,2.27,2.67,2.65,true
pMpQABKlC-I,How To Speak Internet 101 (ft. Will Smith),IISuperwomanII,17.29.12,3691632,226845,21947,6.14,2.27,2.09,2.39,true
qfqVkEYQ1Ls,"Breaking down 'This Is America,' Childish Gambino's chilling new video",Washington Post,18.02.06,8248957,70548,7966,0.86,2.27,2.19,1.04,true
J83sZrz9XTc,Samsung Galaxy S9 Impressions!,Marques Brownlee,18.28.02,2887961,102175,14290,3.54,2.27,1.03,0.65,true
GpxCT36DxKg,MOWGLI - Official 1st Trailer,Warner Bros. Pictures,18.30.05,13660472,120656,17932,0.88,2.26,1.84,1.41,true
qF7SRQFd49E,Anderson Cooper’s tribute to his friend Anthony Bourdain,CNN,18.13.06,2697565,36029,9266,1.34,2.26,2.0,0.02,true
CZkUNPBlJIQ,Carpool Karaoke w/ Adam Levine,The Late Late Show with James Corden,18.01.06,6975328,168235,8835,2.41,2.26,1.32,0.96,true
mMzKvVtrC6U,"I'm Not A Child, I'm 20 | Living Differently",BBC Three,18.01.01,1216322,18573,6219,1.53,2.26,1.17,2.42,true
bMrRN99DYKU,Selena Gomez Tearfully Accepts Woman of the Year Award at Billboard's Women in Music 2017,Billboard,17.04.12,3958427,112354,8688,2.84,2.26,0.58,0.68,true
K_XXXDPODmw,Taking Riverdale Quizzes with Camila Mendes and Hart Denton| Madelaine Petsch,Madelaine Petsch,18.14.02,1550424,105222,3970,6.79,2.26,2.11,1.96,true
we5djgQwK9w,Whats In My HUGE Fridge?,Rosanna Pansino,18.05.05,3350597,123518,19185,3.69,2.26,2.16,2.05,true
8-u5nd2GqNE,The Secret Protocol for When the Queen Dies,Half as Interesting,17.20.11,978535,25073,4344,2.56,2.26,2.23,1.56,true
0vhxoVwqZkk,I Pretended To Be A Model On A Shoot For Jigsaw,Glam&Gore,17.06.12,606120,50293,2237,8.3,2.26,2.29,0.91,true
HgknAaKNaMM,Carrie Underwood - The Champion ft. Ludacris,carrieunderwoodVEVO,18.17.03,7441922,112910,6276,1.52,2.26,2.07,1.84,true
QgOXIEhHU1Y,"Diplo, French Montana & Lil Pump ft. Zhavia - Welcome To The Party (Official Video)",Diplo,18.14.06,40087764,835657,38305,2.08,2.26,1.73,1.62,true
qfqVkEYQ1Ls,"Breaking down 'This Is America,' Childish Gambino's chilling new video",Washington Post,18.01.06,8222911,70386,7964,0.86,2.26,2.19,1.04,true
qfqVkEYQ1Ls,"Breaking down 'This Is America,' Childish Gambino's chilling new video",Washington Post,18.31.05,8204722,70279,7943,0.86,2.26,2.18,1.03,true
k2NskGo6x40,Danielle Bregoli Rejects Logan Paul's Apologies Over Suicide/Hanging Video | TMZ,TMZ,18.06.01,5061758,105349,32871,2.08,2.26,2.73,2.98,true
oNpzeIdOtlk,Who Was the YouTube Shooter? | NYT News,The New York Times,18.21.04,1816646,9181,11070,0.51,2.26,0.26,2.6,true
dcipHnWcB0w,Kim Kardashian's Surrogate Didn't Know Whose Baby She Was Carrying!,The Real Daytime,17.23.11,702556,5960,589,0.85,2.26,1.86,0.4,true
qfqVkEYQ1Ls,"Breaking down 'This Is America,' Childish Gambino's chilling new video",Washington Post,18.30.05,8168368,70019,7924,0.86,2.25,2.17,1.03,true
NKmGVE85GUU,Why can't you divide by zero? - TED-Ed,TED-Ed,18.27.04,959484,33539,2667,3.5,2.25,2.55,2.43,true
w2Es7-c9GAk,Selena Gomez Delivers Emotional First Performance of 'Wolves' at the AMAs -- Watch!,Entertainment Tonight,17.23.11,1857727,9105,1897,0.49,2.25,2.42,0.07,true
oNpzeIdOtlk,Who Was the YouTube Shooter? | NYT News,The New York Times,18.20.04,1811610,9168,11048,0.51,2.25,0.26,2.59,true
Qcj15vHJTtk,Royal Wedding - SNL,Saturday Night Live,18.31.05,8166389,64706,8275,0.79,2.25,1.6,1.34,true
dt7fU9H8tz8,Women Try A One-Size-Fits-All Bridesmaid Dress,As/Is,18.18.03,2494281,51271,2476,2.06,2.25,1.77,0.95,true
jp9hK-jY6yY,When Someone Has A Crush on You | Lilly Singh,IISuperwomanII,17.16.11,3680540,216119,20544,5.87,2.25,1.87,2.11,true
C0KnxhQMLBU,Stephen A. Smith goes off after Game 2: It's time to bench JR Smith | SportsCenter | ESPN,ESPN,18.05.06,1383170,12912,4514,0.93,2.25,2.21,1.27,true
qpkXi0-XkxI,Did Tyler Predict Khloe Kardashian’s Drama With Tristan? | Hollywood Medium with Tyler Henry | E!,E! Entertainment,18.25.04,1887195,15684,1610,0.83,2.25,2.36,2.29,true
4kDklB6-69Q,Poo Bear ft. Justin Bieber & Jay Electronica - Hard 2 Face Reality (Lyric Video),Hannah Stocking,18.17.04,18512018,659301,53907,3.56,2.25,2.58,2.69,true
tjA7nAHOAww,"LSD - Audio (Official Video) ft. Sia, Diplo, Labrinth",SiaVEVO,18.08.06,21986883,472521,14297,2.15,2.25,1.77,1.23,true
i0p1bmr0EmE,TWICE What is Love? M/V,jypentertainment,18.26.04,67478328,1315733,237240,1.95,2.25,1.52,1.37,true
kewIE0Zw6yY,A Thirsty Sidewalk,Daily Dose Of Internet,18.12.03,5891971,131304,13296,2.23,2.25,2.26,2.01,true
fS2fsa1fuIw,"If It Fits, I Sits...",Cole and Marmalade,18.28.03,1155420,39057,2630,3.38,2.25,2.11,1.66,true
b1Vi4YGMGkk,"YouTube Shooting: Woman Identified As Nasim Aghdam, 39, Suspected Of Wounding 3",CBS Los Angeles,18.07.04,1550527,6179,9971,0.4,2.25,2.27,2.26,true
TNRrY8m71u4,POOL OF SQUISHIES - Japan Vlog,TiffyQuake,17.05.12,93451,3484,566,3.73,2.25,1.87,1.74,true
EsaHiIdsKpE,Melania Trump Gives Her Own State Of The Union,The Late Show with Stephen Colbert,18.05.02,1717588,17772,2714,1.03,2.24,1.49,1.02,true
-NEhvlJA5q8,Amtrak Train Carrying Republican Lawmakers To A Retreat Hits Garbage Truck | Velshi & Ruhle | MSNBC,MSNBC,18.05.02,330515,1253,2333,0.38,2.24,0.48,1.62,true
ZwoDYJWWXW0,"Alan Walker, Keala Settle & The Greatest Showman Ensemble - This Is Me (Alan Walker Relift)",Alan Walker,18.05.04,5296147,164596,10591,3.11,2.24,1.76,1.55,true
OBOm_jatVCI,Blind Fast Food Sub Sandwich Taste Test,Good Mythical Morning,18.15.03,2143277,38244,4728,1.78,2.24,1.62,1.21,true
Ph54wQG8ynk,Camila Cabello - Never Be the Same,CamilaCabelloVEVO,18.24.03,27784769,797015,51147,2.87,2.24,1.44,1.17,true
y3qfeoqErtY,How Overnight Shipping Works,Wendover Productions,18.18.02,1737658,47191,3093,2.72,2.24,2.23,0.1,true
-NEhvlJA5q8,Amtrak Train Carrying Republican Lawmakers To A Retreat Hits Garbage Truck | Velshi & Ruhle | MSNBC,MSNBC,18.06.02,330827,1255,2334,0.38,2.24,0.49,1.62,true
Gs26bZTRkdU,8 Survival Myths That Will Definitely Make Things Worse,SciShow,18.23.05,589884,20202,2280,3.42,2.24,2.35,1.35,true
wbSwFU6tY1c,Falcon Heavy Test Flight,SpaceX,18.09.02,16806832,338792,36160,2.02,2.24,2.27,2.59,true
gDXwhHm4GhM,Everything Wrong With Thor Ragnarok In 15 Minutes Or Less,CinemaSins,18.09.05,4306665,81583,10747,1.89,2.24,1.72,1.01,true
LsoLEjrDogU,Bruno Mars - Finesse (Remix) [Feat. Cardi B] [Official Video],Bruno Mars,18.12.01,57951412,1919583,133601,3.31,2.24,1.68,1.6,true
eMobkagZu64,Amazing Creatures Have Been Discovered across the Planet!,The Official Pokémon YouTube Channel,18.09.02,2959424,41673,4975,1.41,2.24,0.61,-0.08,true
o-BODsf2T68,Lauv - Chasing Fire [Official Audio],Lauv,18.15.04,2653797,73404,2432,2.77,2.24,2.16,2.0,true
NWOz3OZ6J9M,Men arrested at Starbucks speak out,ABC News,18.04.05,1492325,16321,30709,1.09,2.24,2.65,2.63,true
Bs-Hr-gEJAU,Shawn Mendes - Youth (Lyric Video) ft. Khalid,ShawnMendesVEVO,18.20.05,28534342,845670,40296,2.96,2.24,1.06,0.67,true
oNpzeIdOtlk,Who Was the YouTube Shooter? | NYT News,The New York Times,18.19.04,1806469,9153,11028,0.51,2.24,0.26,2.59,true
NYMcACJLqJs,Bebe Rexha - Ferrari [Official Lyric Video],Bebe Rexha,18.14.05,11415161,88781,3091,0.78,2.24,1.99,1.68,true
kz1xzBYppW8,Heartbreaking video of schoolboy Keaton Jones recounting being bullied,Guardian News,17.15.12,1245020,10723,5402,0.86,2.24,2.53,1.89,true
CP6aYDssDSE,Eating BRUNCH at Taiwan 7-ELEVEN,Strictly Dumpling,18.26.02,2014097,37278,5406,1.85,2.24,1.91,1.83,true
qfqVkEYQ1Ls,"Breaking down 'This Is America,' Childish Gambino's chilling new video",Washington Post,18.29.05,8142249,69849,7913,0.86,2.24,2.17,1.03,true
jlmNwjdYVnk,Boy Sings Out in Walmart || ViralHog,ViralHog,18.15.04,1926390,32944,6375,1.71,2.24,2.21,2.15,true
V6wWKNij_1M,Hereditary | Official Trailer HD | A24,A24,18.05.02,2383917,15659,1473,0.66,2.23,0.19,-0.1,true
TI5bEf-BULU,How Michael B. Jordan's Black Panther Makeup Was Done — Exclusive Behind The Scenes,INSIDER,18.11.05,11197317,115354,5134,1.03,2.23,2.19,2.17,true
3b24Q8Bz7b4,"This Chicken is Entirely Black, From Beak to Bone",Great Big Story,18.21.04,1380632,29464,5715,2.13,2.23,1.85,3.54,true
t0VsbEqfAvo,"24 HOUR BOX FORT PRISON ESCAPE ROOM!! 📦🚔 Secret UNDERGROUND Tunnel, SPY GADGETS & More!",Papa Jake,18.08.05,5168422,67487,25276,1.31,2.23,1.97,1.67,true
-NEhvlJA5q8,Amtrak Train Carrying Republican Lawmakers To A Retreat Hits Garbage Truck | Velshi & Ruhle | MSNBC,MSNBC,18.04.02,329631,1247,2327,0.38,2.23,0.48,1.62,true
HoSWvxeBiWc,Watch the full shootout between the USA and Canada,NBC Sports,18.24.02,1194979,12344,1612,1.03,2.23,3.04,1.6,true
oNpzeIdOtlk,Who Was the YouTube Shooter? | NYT News,The New York Times,18.18.04,1800984,9129,11056,0.51,2.23,0.26,2.6,true
qfqVkEYQ1Ls,"Breaking down 'This Is America,' Childish Gambino's chilling new video",Washington Post,18.28.05,8118210,69698,7912,0.86,2.23,2.16,1.03,true
P_If9xMyl10,The Voice 2018 Blind Audition - Stephanie Skipper: Piece By Piece,The Voice,18.19.03,2900766,33216,1781,1.15,2.23,2.05,-0.09,true
_9YMpuLDnwo,42 HOLY GRAIL HACKS THAT WILL SAVE YOU A FORTUNE,5-Minute Crafts,17.10.12,45407304,322993,21560,0.71,2.23,2.18,1.82,true
aq-phmpUJ_E,Making music with LEGO,ANDREW HUANG,18.19.03,931253,24510,1524,2.63,2.23,0.62,-0.63,true
Jodbdj52Vc0,Shawn Mendes Carpool Karaoke -- #LateLateShawn,The Late Late Show with James Corden,18.07.06,6908017,487402,25677,7.06,2.23,5.13,3.94,true
_fVUX6-7VKE,"7.9 earthquake hits near Kodiak, AK",Fox News,18.26.01,1128383,6650,3598,0.59,2.23,2.28,2.2,true
H0g4JxKp4fc,*cough*,jacksfilms,18.05.03,2204987,221629,39611,10.05,2.22,2.43,0.8,true
asu37n6sEBY,Chris Stapleton - Tryin' To Untangle My Mind (Audio),ChrisStapletonVEVO,17.24.11,558102,10211,490,1.83,2.22,1.9,1.61,true
f6Egj7ncOi8,FULL FACE USING ONLY MY MOM'S MAKEUP Challenge | NikkieTutorials,NikkieTutorials,18.04.01,3763877,319388,136738,8.49,2.22,3.04,3.09,true
kD-_iyS95AQ,History of TV Theme Songs with Will Smith,The Tonight Show Starring Jimmy Fallon,18.30.03,5125453,66113,3571,1.29,2.22,0.69,0.51,true
RQUuqbzQVsY,"Liam Payne, Rita Ora - For You (Fifty Shades Freed)",FiftyShadesVEVO,18.31.01,11595277,441321,20211,3.81,2.22,2.09,2.07,true
qfqVkEYQ1Ls,"Breaking down 'This Is America,' Childish Gambino's chilling new video",Washington Post,18.27.05,8093023,69567,7891,0.86,2.22,2.15,1.02,true
KONe4SNFA64,Rihanna's Epic 10-Minute Guide to Going Out Makeup | Beauty Secrets | Vogue,Vogue,18.05.05,4713144,382018,18380,8.11,2.22,2.54,2.39,true
oNpzeIdOtlk,Who Was the YouTube Shooter? | NYT News,The New York Times,18.17.04,1795465,9117,11002,0.51,2.22,0.25,2.58,true
kxMC7g_sKjw,Jim Carrey Crashes Jeff Daniels' CONAN Interview  - CONAN on TBS,Team Coco,18.23.04,3458851,41150,3757,1.19,2.22,0.84,2.56,true
qpkXi0-XkxI,Did Tyler Predict Khloe Kardashian’s Drama With Tristan? | Hollywood Medium with Tyler Henry | E!,E! Entertainment,18.24.04,1871167,15577,1600,0.83,2.22,2.34,2.27,true
nRafaCcfrcI,73 Questions With Liza Koshy | Vogue,Vogue,17.18.11,4716036,395289,19741,8.38,2.22,2.66,2.62,true
pOEzjT-SED0,Remy Ma - Wake Me Up ft. Lil' Kim,RemyMaVEVO,17.24.11,3930664,104641,24078,2.66,2.22,1.6,1.84,true
4nqJiBRNQuw,Pastry Chef Attempts To Make Gourmet Kit Kats | Gourmet Makes | Bon Appétit,Bon Appétit,18.08.05,2895927,68118,5211,2.35,2.22,2.18,1.79,true
GpxCT36DxKg,MOWGLI - Official 1st Trailer,Warner Bros. Pictures,18.29.05,13505482,119790,17795,0.89,2.22,1.82,1.39,true
we5djgQwK9w,Whats In My HUGE Fridge?,Rosanna Pansino,18.04.05,3315487,122671,19105,3.7,2.22,2.14,2.04,true
Qcj15vHJTtk,Royal Wedding - SNL,Saturday Night Live,18.30.05,8069531,64279,8259,0.8,2.21,1.58,1.33,true
3b24Q8Bz7b4,"This Chicken is Entirely Black, From Beak to Bone",Great Big Story,18.20.04,1372475,29328,5728,2.14,2.21,1.83,3.55,true
7C2z4GqqS5E,BTS (방탄소년단) 'FAKE LOVE' Official MV,ibighit,18.26.05,98637739,5321402,1165350,5.39,2.21,2.15,2.15,true
oNpzeIdOtlk,Who Was the YouTube Shooter? | NYT News,The New York Times,18.16.04,1788422,9084,10972,0.51,2.21,0.25,2.57,true
t5Lz14wu1uw,ready player one,ProZD,17.18.12,2611673,75757,5557,2.9,2.21,0.62,2.32,true
qfqVkEYQ1Ls,"Breaking down 'This Is America,' Childish Gambino's chilling new video",Washington Post,18.26.05,8066504,69402,7832,0.86,2.21,2.15,1.01,true
IIS1M7m9tw8,I have something to tell you..,Daisy Marquez,18.01.02,618966,25307,2700,4.09,2.21,1.52,1.52,true
IBVo8dfqTBc,Rey Mysterio makes a shocking return in the Royal Rumble Match: Royal Rumble 2018 (WWE Network),WWE,18.31.01,7735840,150472,18130,1.95,2.21,3.44,2.89,true
ESyJop31cmY,The Broccoli Tree: A Parable,vlogbrothers,18.19.03,375799,31890,2170,8.49,2.21,2.24,0.62,true
MIQKlHSD89E,Tiny Donkey Thinks He's Actually A Dog  | The Dodo,The Dodo,18.02.04,3659498,107834,6353,2.95,2.21,2.4,1.65,true
My4RA5I0FKs,Liquid Sand Hot Tub- Fluidized air bed,Mark Rober,17.06.12,10241079,235279,13864,2.3,2.21,2.02,1.92,true
eZQdQ5pV6EE,TEACHING CASEY HOW TO VLOG,Peter McKinnon,17.29.11,506698,28537,4351,5.63,2.21,0.87,1.54,true
VbunGI4fryc,Rescuing An Emaciated Kitten,stacyvlogs,18.08.02,385658,17304,7122,4.49,2.2,2.02,1.93,true
MWbQdgjsvJI,MAKING A DRESS OUT OF TRASH BAGS!,Amber Scholl,18.14.05,2977964,148945,10715,5.0,2.2,2.15,1.91,true
f3mOQCjL10g,Ellen Scrolls Through Fans' Instagram Accounts,TheEllenShow,18.02.04,4309117,81419,0,1.89,2.2,1.23,-0.55,true
qfqVkEYQ1Ls,"Breaking down 'This Is America,' Childish Gambino's chilling new video",Washington Post,18.25.05,8037548,69244,7794,0.86,2.2,2.14,1.0,true
jzLlsbdrwQk,"$17 Pet vs. $100,000 Pet",BuzzFeedBlue,18.28.05,5613561,98856,11814,1.76,2.2,1.88,1.99,true
LvC8VzCcI88,LaurDIY and Alex Wassabi's Epic Two-Tone Room Makeover!,Mr. Kate,18.20.02,2245994,128832,7027,5.74,2.2,2.3,1.62,true
Ml9v3wHLuWI,Will Smith Tries Online Dating,Will Smith,18.05.04,7907382,237125,18391,3.0,2.2,1.91,2.0,true
V0HCZ4YGqbw,La de da de da de da de day oh,bill wurtz,18.23.01,3222693,290775,33243,9.02,2.2,2.38,2.35,true
-NEhvlJA5q8,Amtrak Train Carrying Republican Lawmakers To A Retreat Hits Garbage Truck | Velshi & Ruhle | MSNBC,MSNBC,18.03.02,326552,1237,3185,0.38,2.2,0.46,2.69,true
s31XTrGJchQ,James Bay - Us,JamesBayVEVO,18.05.05,10986995,99418,1903,0.9,2.19,1.96,0.87,true
NWOz3OZ6J9M,Men arrested at Starbucks speak out,ABC News,18.03.05,1469116,16160,30528,1.1,2.19,2.61,2.62,true
0r-zYs6NQu8,What If You Didn't Sleep For A Week? ft. TheOdd1sOut,Life Noggin,18.22.03,1262398,55004,15431,4.36,2.19,3.46,3.58,true
O8hm2Ml-pA8,Khalid - Fast Car (Tracy Chapman cover) in the Live Lounge,BBCRadio1VEVO,18.22.03,1666370,36377,1063,2.18,2.19,1.43,1.16,true
elwTgpHlty0,[OFFICIAL VIDEO] HAVANA - PENTATONIX,PTXofficial,18.04.03,7964716,378091,20426,4.75,2.19,2.07,1.99,true
DhEjpq88wGw,Fifth Harmony’s Normani Kordei Performs 'Bootylicious' by Destiny's Child  | Lip Sync Battle Preview,Lip Sync Battle,18.05.02,699104,12224,680,1.75,2.19,3.03,1.94,true
oNpzeIdOtlk,Who Was the YouTube Shooter? | NYT News,The New York Times,18.15.04,1778026,9051,10919,0.51,2.19,0.25,2.56,true
c8W-auqg024,"We Sent Garlic Bread to the Edge of Space, Then Ate It",Tom Scott,18.27.04,3686111,124957,18312,3.39,2.19,2.46,2.64,true
w9JrUVI_h4I,Crow - Simon's Cat | SHORTS,Simon's Cat,18.09.06,1003575,38898,1777,3.88,2.19,2.09,1.8,true
3b24Q8Bz7b4,"This Chicken is Entirely Black, From Beak to Bone",Great Big Story,18.19.04,1364850,29221,5685,2.14,2.19,1.82,3.52,true
sfxilYIycTc,GET READY WITH ME FOR THE MILITARY BALL! | Casey Holmes,Casey Holmes,18.12.06,508683,22124,1842,4.35,2.19,1.96,1.86,true
qfqVkEYQ1Ls,"Breaking down 'This Is America,' Childish Gambino's chilling new video",Washington Post,18.24.05,8011968,69096,7766,0.86,2.19,2.14,1.0,true
we5djgQwK9w,Whats In My HUGE Fridge?,Rosanna Pansino,18.03.05,3277918,121744,18988,3.71,2.19,2.11,2.02,true
pi2Ri9-K3_E,5 Reasons to Buy a $188 Laptop,Austin Evans,18.27.02,720795,17477,3454,2.42,2.19,-0.34,1.48,true
OPdmg58S9ZM,Why Justin Bieber Was The Worst SNL Guest | WWHL,Watch What Happens Live with Andy Cohen,18.04.04,670565,1994,240,0.3,2.19,0.82,-0.18,true
OBOm_jatVCI,Blind Fast Food Sub Sandwich Taste Test,Good Mythical Morning,18.14.03,2117013,37824,4711,1.79,2.19,1.59,1.2,true
CWAX-tiepMo,RWBY Volume 5: Chapter 14 - Haven's Fate | Rooster Teeth,Rooster Teeth,18.31.01,1303771,48479,19667,3.72,2.18,2.42,2.54,true
dt7fU9H8tz8,Women Try A One-Size-Fits-All Bridesmaid Dress,As/Is,18.17.03,2445835,50613,2460,2.07,2.18,1.72,0.94,true
zNL_kGO6lQ8,[ASMR] SLOW Tapping & Whispered Trigger Assortment,Gibi ASMR,18.15.03,1129870,19598,4509,1.73,2.18,2.02,0.02,true
LQicq60aJaw,FULL Interview: Prince Harry and Meghan Markle  - BBC News,BBC News,17.04.12,1184049,8497,3863,0.72,2.18,0.64,0.85,true
qpkXi0-XkxI,Did Tyler Predict Khloe Kardashian’s Drama With Tristan? | Hollywood Medium with Tyler Henry | E!,E! Entertainment,18.23.04,1853334,15499,1601,0.84,2.18,2.32,2.28,true
GpxCT36DxKg,MOWGLI - Official 1st Trailer,Warner Bros. Pictures,18.28.05,13314767,118736,17514,0.89,2.18,1.79,1.36,true
qfqVkEYQ1Ls,"Breaking down 'This Is America,' Childish Gambino's chilling new video",Washington Post,18.23.05,7983509,68948,7754,0.86,2.18,2.13,0.99,true
OPdmg58S9ZM,Why Justin Bieber Was The Worst SNL Guest | WWHL,Watch What Happens Live with Andy Cohen,18.03.04,667710,1991,239,0.3,2.18,0.82,-0.18,true
h8Q3IhUwX_4,Lili Reinhart and Camila Mendes Read Absurd Riverdale Fan Theories | ELLE,ELLE,17.12.12,785476,31167,1665,3.97,2.17,2.37,2.4,true
AvFNCNOyZeE,Round Peg in a Square Hole - Numberphile,Numberphile,18.17.03,595038,12503,541,2.1,2.17,1.1,-0.49,true
jzLlsbdrwQk,"$17 Pet vs. $100,000 Pet",BuzzFeedBlue,18.27.05,5568281,98156,11743,1.76,2.17,1.86,1.97,true
pi2Ri9-K3_E,5 Reasons to Buy a $188 Laptop,Austin Evans,18.26.02,718074,17443,3445,2.43,2.17,-0.34,1.47,true
dcipHnWcB0w,Kim Kardashian's Surrogate Didn't Know Whose Baby She Was Carrying!,The Real Daytime,17.22.11,683364,5874,576,0.86,2.17,1.81,0.34,true
oNpzeIdOtlk,Who Was the YouTube Shooter? | NYT News,The New York Times,18.14.04,1766709,9015,10907,0.51,2.17,0.24,2.55,true
Am6NHDbj6XA,Donald Glover on This is America Music Video,Jimmy Kimmel Live,18.15.05,4867281,86356,3122,1.77,2.17,1.93,0.07,true
Am6NHDbj6XA,Donald Glover on This is America Music Video,Jimmy Kimmel Live,18.15.05,4867281,86356,3122,1.77,2.17,1.93,0.07,true
Q3jege0p0dQ,Marc Spelmann gets the first Golden Buzzer of 2018 | Auditions Week 1 | Britain’s Got Talent 2018,Britain's Got Talent,18.20.04,9012788,214693,0,2.38,2.17,2.62,,true
CZkUNPBlJIQ,Carpool Karaoke w/ Adam Levine,The Late Late Show with James Corden,18.31.05,6769003,165486,8730,2.44,2.17,1.29,0.94,true
Qcj15vHJTtk,Royal Wedding - SNL,Saturday Night Live,18.29.05,7981097,63919,8222,0.8,2.17,1.56,1.32,true
noUH5aYUBx4,FCC Votes to Repeal Net Neutrality; Omarosa Drama Continues: A Closer Look,Late Night with Seth Meyers,17.20.12,2654222,29306,3650,1.1,2.17,2.04,1.45,true
DGdSlnw4D_M,Fortnite | Real Life Battle Royale!!,Team Edge,18.19.05,2749170,36862,5644,1.34,2.17,1.75,0.79,true
Sb_hCbZ80aQ,Sumo Wrestling with Conan O’Brien | Kevin Hart: What The Fit Episode 1 | Laugh Out Loud Network,LOL Network,18.26.03,6131880,65772,3652,1.07,2.17,0.93,1.16,true
3b24Q8Bz7b4,"This Chicken is Entirely Black, From Beak to Bone",Great Big Story,18.18.04,1355601,29047,5653,2.14,2.17,1.81,3.5,true
3eQP6JoxtKk,Film Theory: Thanos Was RIGHT!! (Avengers Infinity War),The Film Theorists,18.27.05,7862567,146603,32632,1.86,2.17,1.09,1.65,true
jlmNwjdYVnk,Boy Sings Out in Walmart || ViralHog,ViralHog,18.14.04,1883602,32541,6334,1.73,2.17,2.18,2.14,true
6xUPaVfmcUs,Kevin Hart on Lavar Ball and His Least Favorite Son | Cold As Balls | Laugh Out Loud Network,LOL Network,18.14.02,6147986,129233,5883,2.1,2.17,2.67,2.44,true
gDXwhHm4GhM,Everything Wrong With Thor Ragnarok In 15 Minutes Or Less,CinemaSins,18.08.05,4229629,80745,10665,1.91,2.17,1.68,0.99,true
J_CFBjAyPWE,Red Velvet 레드벨벳 'Bad Boy' MV,SMTOWN,18.01.02,14013469,935563,116016,6.68,2.16,1.73,1.87,true
VY1eFxgRR-k,Selena Gomez - Back To You,SelenaGomezVEVO,18.14.06,35181079,1323550,71176,3.76,2.16,1.59,1.4,true
XP32nDUMYS8,George Ezra - Pretty Shining People (Lyric Video),GeorgeEzraVEVO,18.14.03,911608,26748,1001,2.93,2.16,1.51,1.39,true
l_lblj8Cq0o,"G-Eazy - No Limit REMIX ft. A$AP Rocky, Cardi B, French Montana, Juicy J, Belly",GEazyMusicVEVO,18.01.01,42895122,704609,42483,1.64,2.16,1.59,1.5,true
V5cOvyDpWfM,Fergie Performs The U.S. National Anthem / 2018 NBA All-Star Game,MLG Highlights,18.22.02,17030271,41743,53209,0.25,2.16,1.72,2.25,true
kD-_iyS95AQ,History of TV Theme Songs with Will Smith,The Tonight Show Starring Jimmy Fallon,18.29.03,5015200,64858,3453,1.29,2.16,0.66,0.47,true
FhllRWReNEE,Melting Every Lipstick From Sephora Together,Safiya Nygaard,18.19.04,6499427,369790,370517,5.69,2.16,2.87,4.41,true
QgOXIEhHU1Y,"Diplo, French Montana & Lil Pump ft. Zhavia - Welcome To The Party (Official Video)",Diplo,18.13.06,38968193,825540,37795,2.12,2.16,1.69,1.58,true
t9GNMVfEiG4,Gingerbread Cookies - You Suck at Cooking (episode 70),You Suck At Cooking,17.27.12,1362813,55149,6310,4.05,2.16,2.34,1.84,true
eMobkagZu64,Amazing Creatures Have Been Discovered across the Planet!,The Official Pokémon YouTube Channel,18.08.02,2892845,41483,4982,1.43,2.16,0.59,-0.08,true
PaYvlVR_BEc,Janelle Monáe - PYNK [Official Video],Janelle Monáe,18.17.04,4290878,107641,12003,2.51,2.16,1.78,2.49,true
DkeiKbqa02g,"Calvin Harris, Dua Lipa - One Kiss (Official Video)",CalvinHarrisVEVO,18.25.05,71017021,828626,26279,1.17,2.15,1.56,1.58,true
UKserM-i0_A,Panic! At The Disco: High Hopes (Audio),Panic! At The Disco,18.14.06,7676068,230427,22924,3.0,2.15,1.44,1.23,true
jzLlsbdrwQk,"$17 Pet vs. $100,000 Pet",BuzzFeedBlue,18.26.05,5540128,97771,11722,1.76,2.15,1.85,1.96,true
we5djgQwK9w,Whats In My HUGE Fridge?,Rosanna Pansino,18.02.05,3235826,120677,18875,3.73,2.15,2.09,2.0,true
tCXGJQYZ9JA,Taylor Swift - Delicate,TaylorSwiftVEVO,18.27.03,71560694,1928392,162990,2.69,2.15,1.44,1.36,true
OPdmg58S9ZM,Why Justin Bieber Was The Worst SNL Guest | WWHL,Watch What Happens Live with Andy Cohen,18.02.04,662955,1987,238,0.3,2.15,0.82,-0.18,true
X6iJ0hPpGec,Learn to Break a Glass with Your Voice || Learn Quick,Mike Boyd,17.08.12,971851,40619,4084,4.18,2.15,2.38,2.35,true
Wpm07-BGJnE,Nicki Minaj - Chun-Li,NickiMinajAtVEVO,18.20.05,36759844,834068,93136,2.27,2.15,1.72,1.57,true
p-GN8WXoiX4,The FASTEST Grand Mac Meal Ever Eaten (under 1 Minute!!),Matt Stonie,18.24.03,4216618,122986,17759,2.92,2.15,2.41,2.26,true
jp9hK-jY6yY,When Someone Has A Crush on You | Lilly Singh,IISuperwomanII,17.15.11,3591699,212004,20418,5.9,2.15,1.79,2.09,true
VRJmcxCrAOA,Real Life Trick Shots 2 | Dude Perfect,Dude Perfect,18.27.01,23417389,926657,46136,3.96,2.15,2.67,1.92,true
TI5bEf-BULU,How Michael B. Jordan's Black Panther Makeup Was Done — Exclusive Behind The Scenes,INSIDER,18.10.05,10871996,113541,5079,1.04,2.15,2.15,2.14,true
WOUZxG1JcGI,What It's Like To Be Absolutely Obsessed With Bitcoin (HBO),VICE News,17.16.12,695829,5660,1178,0.81,2.14,2.11,1.85,true
MCW5HUkrr-o,Impossible Active Audio Noise Cancelling by Muzo,ElectroBOOM,17.14.11,560569,29990,1788,5.35,2.14,2.65,-0.24,true
upzmEBwEtpo,21 Things that Turned 21 This Year (2017) - mental_floss List Show Ep. 523,Mental Floss,17.13.12,97367,2461,416,2.53,2.14,2.01,1.67,true
y3qfeoqErtY,How Overnight Shipping Works,Wendover Productions,18.17.02,1693110,46412,3057,2.74,2.14,2.15,0.08,true
vU7v5A5P8BM,Tapper cuts off Trump adviser interview: I've wasted enough of my viewers' time,CNN,18.09.01,2592824,28132,35908,1.08,2.14,1.41,2.46,true
qpkXi0-XkxI,Did Tyler Predict Khloe Kardashian’s Drama With Tristan? | Hollywood Medium with Tyler Henry | E!,E! Entertainment,18.22.04,1832326,15392,1599,0.84,2.14,2.3,2.27,true
i0p1bmr0EmE,TWICE What is Love? M/V,jypentertainment,18.25.04,65445707,1305328,235683,1.99,2.14,1.5,1.35,true
3b24Q8Bz7b4,"This Chicken is Entirely Black, From Beak to Bone",Great Big Story,18.17.04,1344844,28848,5641,2.15,2.14,1.79,3.49,true
tjA7nAHOAww,"LSD - Audio (Official Video) ft. Sia, Diplo, Labrinth",SiaVEVO,18.07.06,21203140,464190,14180,2.19,2.13,1.72,1.21,true
H0g4JxKp4fc,*cough*,jacksfilms,18.04.03,2171634,220068,39404,10.13,2.13,2.4,0.79,true
VLxl1UeuwHY,GOD LEVEL Street Food in Mexico - Sandwich NINJA with SUPER FAST Cutting Skills + Mexican Chicken,The Food Ranger,18.18.02,1667164,27524,5395,1.65,2.13,1.9,1.56,true
w9JrUVI_h4I,Crow - Simon's Cat | SHORTS,Simon's Cat,18.08.06,987414,38575,1776,3.91,2.13,2.06,1.8,true
SbrOMrjhyvI,"SERENITY Official Trailer (2018) Matthew McConaughey, Anne Hathaway Movie HD",ONE Media,18.11.06,4238781,27641,3491,0.65,2.13,1.37,1.54,true
aJOTlE1K90k,Maroon 5 - Girls Like You ft. Cardi B,Maroon5VEVO,18.07.06,53406181,2280497,133627,4.27,2.13,2.08,2.02,true
qfqVkEYQ1Ls,"Breaking down 'This Is America,' Childish Gambino's chilling new video",Washington Post,18.22.05,7842988,68486,7693,0.87,2.13,2.11,0.98,true
nsZvmFUXkrI,"Racist Superman | Rudy Mancuso, Alesso & King Bach",Rudy Mancuso,18.22.04,6388743,272821,27986,4.27,2.13,2.17,2.46,true
vfHd8MF0ExU,Dan Harmon Breaks Down the Biggest 'Rick and Morty' Moments Ever | GQ,GQ,18.14.06,1682086,35074,2086,2.09,2.13,1.3,1.61,true
UXNnAB3ugPU,How My Makeup Looks Under a Microscope,Tina Yong,18.12.06,3732949,98458,4879,2.64,2.13,2.13,2.17,true
AvFNCNOyZeE,Round Peg in a Square Hole - Numberphile,Numberphile,18.16.03,589489,12429,540,2.11,2.13,1.08,-0.49,true
OPdmg58S9ZM,Why Justin Bieber Was The Worst SNL Guest | WWHL,Watch What Happens Live with Andy Cohen,18.01.04,659480,1984,238,0.3,2.13,0.81,-0.18,true
rjlxc-vxNBA,Goodbye 3 Million Subscribers,Wong Fu Productions,18.22.01,490114,33538,3358,6.84,2.13,2.2,2.15,true
NWOz3OZ6J9M,Men arrested at Starbucks speak out,ABC News,18.02.05,1442367,15960,30268,1.11,2.13,2.57,2.59,true
oWw1BcFhk-k,Liam Payne & J Balvin - Familiar (Official Video),LiamPayneVEVO,18.29.05,42390420,554509,21650,1.31,2.13,1.2,0.8,true
ctx4YBEdOxo,Let's Talk About Tesla Roadster 2020!,Marques Brownlee,17.21.11,2810983,93993,12318,3.34,2.13,0.66,0.36,true
pi2Ri9-K3_E,5 Reasons to Buy a $188 Laptop,Austin Evans,18.25.02,714396,17384,3385,2.43,2.13,-0.35,1.39,true
jzLlsbdrwQk,"$17 Pet vs. $100,000 Pet",BuzzFeedBlue,18.25.05,5505639,97406,11686,1.77,2.13,1.83,1.95,true
wwZ-T_WQ03A,Rick and Morty: Why Morty Matters,ScreenPrism,17.16.11,264129,6161,579,2.33,2.12,1.99,-0.02,true
GpxCT36DxKg,MOWGLI - Official 1st Trailer,Warner Bros. Pictures,18.27.05,13103833,117417,17218,0.9,2.12,1.76,1.32,true
_YSVbM1saXM,2017 Hit Songs Siblings Dance | Ranz and Niana,Ranz Kyle,18.09.01,1120978,83380,4452,7.44,2.12,1.82,1.73,true
QBOzHhuTzvw,"Full Actresses Roundtable: Saoirse Ronan, Jennifer Lawrence, Mary J Blige | Close Up With THR",The Hollywood Reporter,18.14.02,249655,4573,1229,1.83,2.12,2.51,2.3,true
kewIE0Zw6yY,A Thirsty Sidewalk,Daily Dose Of Internet,18.11.03,5704700,128529,13146,2.25,2.12,2.16,1.95,true
u9Mv98Gr5pY,VENOM - Official Trailer (HD),Sony Pictures Entertainment,18.14.05,59254638,1295189,139879,2.19,2.12,1.97,1.95,true
AiH3nDqWr9I,Film Theory: Phineas and Ferb's SECRET Hero!,The Film Theorists,18.14.02,7773806,143853,18846,1.85,2.12,1.0,-0.07,true
dt7fU9H8tz8,Women Try A One-Size-Fits-All Bridesmaid Dress,As/Is,18.16.03,2409987,50125,2446,2.08,2.12,1.68,0.92,true
HL6ECWZ8G1s,Why Is It So Hard To Fall Asleep?,Life Noggin,18.21.01,1235860,37218,5757,3.01,2.11,1.8,0.58,true
t0VsbEqfAvo,"24 HOUR BOX FORT PRISON ESCAPE ROOM!! 📦🚔 Secret UNDERGROUND Tunnel, SPY GADGETS & More!",Papa Jake,18.07.05,5012527,66373,25100,1.32,2.11,1.89,1.65,true
N39uwTykTQk,THE BICYCLE OF SPRINGS,colinfurze,18.09.06,5057362,151371,8768,2.99,2.11,2.05,2.15,true
LryQJ25CnKU,Jennifer Lopez - El Anillo (Official Video),JenniferLopezVEVO,18.14.05,41446137,502519,36974,1.21,2.11,1.41,1.6,true
4cXsgT3ZcL8,Black Girls React to Tarte Shape Tape Foundation | Jackie Aina,Jackie Aina,18.20.01,1802838,110360,15485,6.12,2.11,1.74,1.77,true
iQp1_GfDhwQ,Jess Glynne - I'll Be There [Official Video],Jess Glynne,18.29.05,9617950,89910,2507,0.93,2.11,1.71,1.93,true
P_If9xMyl10,The Voice 2018 Blind Audition - Stephanie Skipper: Piece By Piece,The Voice,18.18.03,2805605,32356,1763,1.15,2.11,1.94,-0.11,true
gPHVLxm8U-0,Courtney Hadwin: 13-Year-Old Golden Buzzer Winning Performance - America's Got Talent 2018,America's Got Talent,18.14.06,5829270,87323,11933,1.5,2.11,1.57,2.78,true
Qcj15vHJTtk,Royal Wedding - SNL,Saturday Night Live,18.28.05,7834146,63310,8215,0.81,2.11,1.53,1.32,true
OPdmg58S9ZM,Why Justin Bieber Was The Worst SNL Guest | WWHL,Watch What Happens Live with Andy Cohen,18.31.03,655059,1978,236,0.3,2.11,0.81,-0.18,true
JQbjS0_ZfJ0,"Kendrick Lamar, SZA - All The Stars",KendrickLamarVEVO,18.16.02,16354826,511764,33304,3.13,2.11,1.19,1.12,true
o-BODsf2T68,Lauv - Chasing Fire [Official Audio],Lauv,18.14.04,2568804,72729,2424,2.83,2.11,2.11,1.98,true
oiC_HG3u-nk,Starving polar bear video exposes climate change impact,Guardian News,17.12.12,1192547,8228,8279,0.69,2.11,1.81,3.17,true
sfj3aX_ed7U,[FULL] Dana White goes off on Conor McGregor storming UFC 223 media day | ESPN,ESPN,18.07.04,1329253,10006,7476,0.75,2.11,1.44,2.72,true
VQhIUzPJi8o,Camila Cabello - Never Be The Same,Camila Cabello,18.07.01,2467424,201742,13761,8.18,2.11,1.58,1.08,true
oCXvPWJClJg,"Nicki Minaj: Cardi B, Migos & 'MotorSport' | Beats 1 | Apple Music",Beats 1 Radio,18.17.04,2712565,66016,17684,2.43,2.11,1.98,1.91,true
2h0bkuWzQeU,"Cashmere Cat, Major Lazer, Tory Lanez - Miss You (Official Video)",Major Lazer,18.14.02,4737883,126973,2822,2.68,2.11,1.65,1.4,true
jzLlsbdrwQk,"$17 Pet vs. $100,000 Pet",BuzzFeedBlue,18.24.05,5469857,96979,11667,1.77,2.11,1.82,1.94,true
yZC5DH7VScY,"Anthony Davis 53 Pts, 17 Rebs, 5 Blks! 2018.02.26 New Orleans Pelicans vs Phoenix Suns | FreeDawkins",FreeDawkins,18.01.03,96399,1363,612,1.41,2.1,2.06,2.0,true
I7LJIuB2CHE,Elon Musk on how Falcon Heavy will change space travel,The Verge,18.09.02,1761883,51105,5165,2.9,2.1,2.96,2.02,true
fS2fsa1fuIw,"If It Fits, I Sits...",Cole and Marmalade,18.27.03,1108831,38429,2587,3.47,2.1,2.05,1.59,true
4WnizmrnJlk,Matt Lauer Sexual Harassment Allegations; Trump's Unhinged Tweets: A Closer Look,Late Night with Seth Meyers,17.04.12,2600029,25449,3162,0.98,2.1,1.6,1.13,true
NcsGpDFKCgY,Milk Is Just Filtered Blood,MinuteEarth,18.27.04,619376,17420,4518,2.81,2.1,1.63,1.91,true
3b24Q8Bz7b4,"This Chicken is Entirely Black, From Beak to Bone",Great Big Story,18.16.04,1326973,28457,5579,2.14,2.1,1.75,3.44,true
dNW0B0HsvVs,Solo: A Star Wars Story Official Teaser,Star Wars,18.06.02,5563479,130763,28522,2.35,2.1,2.61,2.85,true
Q9vZHbcx6cQ,David Guetta & Sia - Flames (Lyric Video),David Guetta,18.06.04,10384060,165263,5330,1.59,2.1,1.31,0.68,true
gDXwhHm4GhM,Everything Wrong With Thor Ragnarok In 15 Minutes Or Less,CinemaSins,18.07.05,4160522,80001,10525,1.92,2.1,1.65,0.95,true
YpnV0M6XTc8,€20 IN PARIS vs $20 IN NY,DamonAndJo,18.21.01,177893,9999,689,5.62,2.1,2.12,1.73,true
Bs-Hr-gEJAU,Shawn Mendes - Youth (Lyric Video) ft. Khalid,ShawnMendesVEVO,18.19.05,27234892,838758,40209,3.08,2.1,1.04,0.66,true
kUZlz6VbMCg,WATCH: The super blue blood moon makes first appearance since 1866,PBS NewsHour,18.06.02,5625319,37240,0,0.66,2.1,2.08,-0.25,true
5GRyr0noXrw,BOWLING BALL Vs. TRAMPOLINE from 45m!,How Ridiculous,18.21.03,20616664,420036,39256,2.04,2.1,1.88,-0.05,true
aZ7F1yRM5vg,Gorillas React To Their Reflection - Gorilla Family and Me - BBC Earth,BBC Earth,18.07.01,590444,5748,875,0.97,2.1,1.58,0.83,true
p-GN8WXoiX4,The FASTEST Grand Mac Meal Ever Eaten (under 1 Minute!!),Matt Stonie,18.23.03,4173479,121956,17700,2.92,2.1,2.37,2.25,true
cytyAgu9-bA,DEADMAU5 said this Bassline is IMPOSSIBLE...,Davie504,18.26.02,2432894,110237,8062,4.53,2.1,2.12,2.02,true
NWOz3OZ6J9M,Men arrested at Starbucks speak out,ABC News,18.01.05,1420435,15772,29969,1.11,2.09,2.53,2.56,true
K_XXXDPODmw,Taking Riverdale Quizzes with Camila Mendes and Hart Denton| Madelaine Petsch,Madelaine Petsch,18.13.02,1467511,102573,3710,6.99,2.09,2.03,1.74,true
sqkL6D0ScR0,working a day at my first job (McDonalds),Tyler Oakley,18.14.05,1439258,57492,4620,3.99,2.09,1.86,1.61,true
Sb_hCbZ80aQ,Sumo Wrestling with Conan O’Brien | Kevin Hart: What The Fit Episode 1 | Laugh Out Loud Network,LOL Network,18.25.03,5977291,64405,3595,1.08,2.09,0.9,1.13,true
kUZlz6VbMCg,WATCH: The super blue blood moon makes first appearance since 1866,PBS NewsHour,18.05.02,5591222,37162,0,0.66,2.09,2.08,-0.25,true
we5djgQwK9w,Whats In My HUGE Fridge?,Rosanna Pansino,18.01.05,3179713,119101,18763,3.75,2.09,2.04,1.98,true
OPdmg58S9ZM,Why Justin Bieber Was The Worst SNL Guest | WWHL,Watch What Happens Live with Andy Cohen,18.30.03,650254,1975,233,0.3,2.09,0.81,-0.19,true
pi2Ri9-K3_E,5 Reasons to Buy a $188 Laptop,Austin Evans,18.24.02,709280,17323,3376,2.44,2.09,-0.35,1.38,true
pCWH5OW9lDo,Watch SpaceX Launch A Tesla Roadster To Mars On The Falcon Heavy Rocket — And Why It Matters,Tech Insider,18.09.02,1322036,18254,3690,1.38,2.09,2.28,2.22,true
iWZmdoY1aTE,Ed Sheeran - Happier (Official Video),Ed Sheeran,18.15.05,55054077,1378923,67092,2.5,2.09,1.12,1.01,true
fRj34o4hN4I,"What's new, Atlas?",BostonDynamics,17.24.11,10775416,205630,35422,1.91,2.09,2.05,1.95,true
u9Mv98Gr5pY,VENOM - Official Trailer (HD),Sony Pictures Entertainment,18.12.05,58530197,1289726,139287,2.2,2.09,1.96,1.93,true
SM1w9PEQOE8,Demi Lovato - Tell Me You Love Me,DemiLovatoVEVO,17.08.12,26144104,1217559,73132,4.66,2.08,1.76,1.7,true
qpkXi0-XkxI,Did Tyler Predict Khloe Kardashian’s Drama With Tristan? | Hollywood Medium with Tyler Henry | E!,E! Entertainment,18.21.04,1800389,15255,1574,0.85,2.08,2.26,2.22,true
OBOm_jatVCI,Blind Fast Food Sub Sandwich Taste Test,Good Mythical Morning,18.13.03,2061485,37370,4663,1.81,2.08,1.54,1.17,true
ESyJop31cmY,The Broccoli Tree: A Parable,vlogbrothers,18.18.03,367435,31721,2163,8.63,2.08,2.22,0.61,true
eMobkagZu64,Amazing Creatures Have Been Discovered across the Planet!,The Official Pokémon YouTube Channel,18.07.02,2822899,41296,4979,1.46,2.08,0.58,-0.08,true
My4RA5I0FKs,Liquid Sand Hot Tub- Fluidized air bed,Mark Rober,17.05.12,9821377,230508,13731,2.35,2.08,1.95,1.89,true
8XBLuU_4Qgo,John Cena On His Split From Nikki Bella: ‘I Had My Heart Broken Out Of Nowhere’ | TODAY,TODAY,18.11.06,1987241,22785,4158,1.15,2.08,2.19,1.44,true
kD-_iyS95AQ,History of TV Theme Songs with Will Smith,The Tonight Show Starring Jimmy Fallon,18.28.03,4885407,63473,3409,1.3,2.08,0.64,0.46,true
H7gh2fmdjCU,Calum Scott - What I Miss Most (Official Video),CalumScottVEVO,18.13.06,9912584,151941,4716,1.53,2.08,1.11,0.91,true
7cqYiUmutGI,Pizza | Basics with Babish,Binging with Babish,18.18.02,1755038,55982,3714,3.19,2.08,2.81,1.14,true
SJsvPv5Q_oY,KITTEN and CAT,CatPusic,18.01.02,568702,31631,2099,5.56,2.08,1.86,1.98,true
8XBLuU_4Qgo,John Cena On His Split From Nikki Bella: ‘I Had My Heart Broken Out Of Nowhere’ | TODAY,TODAY,18.10.06,1985486,22774,4151,1.15,2.08,2.19,1.44,true
rYzLh2QuraQ,Match the Dog to Their Owner - Lineup,Cut,18.14.01,1909024,63292,3655,3.32,2.08,2.45,2.58,true
Nz0qoOgyWSQ,"The Talk - Eve Reacts to Nicki Minaj's Racy Magazine Cover, 'I just don't think it's right'",The Talk,17.22.11,402199,2050,1643,0.51,2.08,2.02,1.84,true
pMpQABKlC-I,How To Speak Internet 101 (ft. Will Smith),IISuperwomanII,17.28.12,3526644,220280,21565,6.25,2.08,1.96,2.31,true
nsZvmFUXkrI,"Racist Superman | Rudy Mancuso, Alesso & King Bach",Rudy Mancuso,18.21.04,6319872,271246,27824,4.29,2.08,2.14,2.44,true
sjN-NGsRg9g,Crawling (One More Light Live) - Linkin Park,Linkin Park,17.10.12,2118778,125942,8018,5.94,2.08,1.6,1.28,true
z6A2LHGx8_A,Sigrid - High Five (Official Video),SigridVEVO,18.12.06,4445470,78374,3628,1.76,2.08,1.65,1.42,true
dt7fU9H8tz8,Women Try A One-Size-Fits-All Bridesmaid Dress,As/Is,18.15.03,2380010,49751,2417,2.09,2.08,1.65,0.89,true
f3mOQCjL10g,Ellen Scrolls Through Fans' Instagram Accounts,TheEllenShow,18.01.04,4130426,76957,0,1.86,2.07,1.12,-0.55,true
u9Mv98Gr5pY,VENOM - Official Trailer (HD),Sony Pictures Entertainment,18.11.05,58133475,1286467,138914,2.21,2.07,1.95,1.93,true
jzLlsbdrwQk,"$17 Pet vs. $100,000 Pet",BuzzFeedBlue,18.23.05,5414770,96377,11635,1.78,2.07,1.8,1.94,true
n-H6zIeMiUs,Watch what Whipped Cream Does in a Vacuum Chamber,The King of Random,18.18.03,1563582,20118,6811,1.29,2.07,0.73,2.26,true
TdyllLZeviY,Charlie Puth - Done For Me (feat. Kehlani) [Official Video],Charlie Puth,18.02.05,10963160,396649,17722,3.62,2.07,2.78,2.13,true
8XBLuU_4Qgo,John Cena On His Split From Nikki Bella: ‘I Had My Heart Broken Out Of Nowhere’ | TODAY,TODAY,18.09.06,1982323,22768,4149,1.15,2.07,2.19,1.44,true
3eQP6JoxtKk,Film Theory: Thanos Was RIGHT!! (Avengers Infinity War),The Film Theorists,18.26.05,7672341,145560,32316,1.9,2.07,1.05,1.61,true
ZwoDYJWWXW0,"Alan Walker, Keala Settle & The Greatest Showman Ensemble - This Is Me (Alan Walker Relift)",Alan Walker,18.04.04,5044665,161848,10470,3.21,2.07,1.69,1.51,true
QgOXIEhHU1Y,"Diplo, French Montana & Lil Pump ft. Zhavia - Welcome To The Party (Official Video)",Diplo,18.12.06,37824778,814944,37306,2.15,2.07,1.65,1.54,true
FMXdXCYvLQQ,Bradley Gawthrop: Wiring Boot Camp,HACKADAY,18.17.01,3329,96,11,2.88,2.07,0.62,2.04,true
8XBLuU_4Qgo,John Cena On His Split From Nikki Bella: ‘I Had My Heart Broken Out Of Nowhere’ | TODAY,TODAY,18.08.06,1980487,22750,4146,1.15,2.07,2.19,1.43,true
kxMC7g_sKjw,Jim Carrey Crashes Jeff Daniels' CONAN Interview  - CONAN on TBS,Team Coco,18.22.04,3311380,40197,3679,1.21,2.07,0.79,2.48,true
sfxilYIycTc,GET READY WITH ME FOR THE MILITARY BALL! | Casey Holmes,Casey Holmes,18.11.06,498344,21861,1830,4.39,2.07,1.88,1.81,true
0vhxoVwqZkk,I Pretended To Be A Model On A Shoot For Jigsaw,Glam&Gore,17.05.12,587308,49544,2234,8.44,2.07,2.2,0.9,true
OPdmg58S9ZM,Why Justin Bieber Was The Worst SNL Guest | WWHL,Watch What Happens Live with Andy Cohen,18.29.03,645682,1961,230,0.3,2.07,0.79,-0.19,true
8XBLuU_4Qgo,John Cena On His Split From Nikki Bella: ‘I Had My Heart Broken Out Of Nowhere’ | TODAY,TODAY,18.07.06,1977268,22717,4144,1.15,2.07,2.18,1.43,true
p-GN8WXoiX4,The FASTEST Grand Mac Meal Ever Eaten (under 1 Minute!!),Matt Stonie,18.22.03,4139421,121215,17610,2.93,2.07,2.34,2.22,true
qfqVkEYQ1Ls,"Breaking down 'This Is America,' Childish Gambino's chilling new video",Washington Post,18.21.05,7655933,67805,7655,0.89,2.07,2.09,0.97,true
kUZlz6VbMCg,WATCH: The super blue blood moon makes first appearance since 1866,PBS NewsHour,18.04.02,5543013,36922,0,0.67,2.07,2.06,-0.25,true
w8vsuOXZBXc,Paramore: Fake Happy [OFFICIAL VIDEO],Fueled By Ramen,17.25.11,2899302,159586,11535,5.5,2.07,1.39,1.41,true
L4pkD78oKSo,Belmont Stakes 2018 I FULL RACE I Justify's Pursuit of the Triple Crown I NBC Sports,NBC Sports,18.14.06,1146392,6789,2081,0.59,2.07,1.21,2.54,true
JpvC3j9Qxus,Mo'Nique Speaks On Racial And Gender Inequality In Hollywood + More,Breakfast Club Power 105.1 FM,18.26.02,2157750,33537,51602,1.55,2.06,2.15,2.92,true
fNVUTgd4pio,Sugarland - Babe (Static Video) ft. Taylor Swift,SugarlandVEVO,18.14.05,4878311,65260,4554,1.34,2.06,1.14,1.04,true
w9JrUVI_h4I,Crow - Simon's Cat | SHORTS,Simon's Cat,18.07.06,969626,38253,1765,3.95,2.06,2.02,1.78,true
_odvYvbW9VM,REAL CHICAGO DEEP DISH PIZZA = Pizza of Heaven!?,JOLLY,17.21.12,650940,10823,1049,1.66,2.06,1.73,0.51,true
8XBLuU_4Qgo,John Cena On His Split From Nikki Bella: ‘I Had My Heart Broken Out Of Nowhere’ | TODAY,TODAY,18.06.06,1974696,22691,4135,1.15,2.06,2.18,1.43,true
2aQykuIaJVI,Lin-Manuel Miranda & Ben Platt Found Tonight [Official Video],Atlantic Records,18.03.04,3640120,182789,13004,5.02,2.06,2.01,1.96,true
pDi7cezk9CA,COMING OUT (ELLE MILLS STYLE),ElleOfTheMills,17.05.12,1275330,168189,22931,13.19,2.06,2.09,2.04,true
fN5HV79_8B8,Oprah Winfrey Receives Cecil B. de Mille Award at the 2018 Golden Globes,NBC,18.12.01,6857215,129654,28041,1.89,2.06,2.17,2.37,true
eZQdQ5pV6EE,TEACHING CASEY HOW TO VLOG,Peter McKinnon,17.28.11,497621,28271,4353,5.68,2.06,0.81,1.55,true
Ml9v3wHLuWI,Will Smith Tries Online Dating,Will Smith,18.04.04,7550734,228237,17682,3.02,2.06,1.78,1.88,true
p6E9R9qv1No,Jason Derulo - Colors (Official Music Video) The Coca-Cola Anthem for the 2018 FIFA World Cup,Jason Derulo,18.29.04,14487632,281374,37412,1.94,2.06,1.53,1.4,true
3b24Q8Bz7b4,"This Chicken is Entirely Black, From Beak to Bone",Great Big Story,18.15.04,1308511,28125,5522,2.15,2.06,1.72,3.4,true
b1Vi4YGMGkk,"YouTube Shooting: Woman Identified As Nasim Aghdam, 39, Suspected Of Wounding 3",CBS Los Angeles,18.06.04,1443592,5863,9496,0.41,2.06,2.12,2.13,true
tCXGJQYZ9JA,Taylor Swift - Delicate,TaylorSwiftVEVO,18.26.03,69089210,1912095,162205,2.77,2.05,1.42,1.35,true
8XBLuU_4Qgo,John Cena On His Split From Nikki Bella: ‘I Had My Heart Broken Out Of Nowhere’ | TODAY,TODAY,18.05.06,1966631,22576,4127,1.15,2.05,2.16,1.42,true
U0W_rpvm3Ys,Huge Sea Lion attacks and eats Penguins - Wild Patagonia - BBC Earth,BBC Earth,18.21.01,579189,6045,1602,1.04,2.05,1.73,2.22,true
vfHd8MF0ExU,Dan Harmon Breaks Down the Biggest 'Rick and Morty' Moments Ever | GQ,GQ,18.13.06,1649128,34538,2052,2.09,2.05,1.25,1.55,true
Ph54wQG8ynk,Camila Cabello - Never Be the Same,CamilaCabelloVEVO,18.23.03,26250616,784725,50871,2.99,2.05,1.39,1.15,true
4nqJiBRNQuw,Pastry Chef Attempts To Make Gourmet Kit Kats | Gourmet Makes | Bon Appétit,Bon Appétit,18.07.05,2741708,65371,5033,2.38,2.05,2.05,1.7,true
u9Mv98Gr5pY,VENOM - Official Trailer (HD),Sony Pictures Entertainment,18.10.05,57727090,1283035,138525,2.22,2.05,1.94,1.92,true
_fVUX6-7VKE,"7.9 earthquake hits near Kodiak, AK",Fox News,18.25.01,1054965,6422,3505,0.61,2.05,2.19,2.12,true
pi2Ri9-K3_E,5 Reasons to Buy a $188 Laptop,Austin Evans,18.23.02,704527,17244,3382,2.45,2.05,-0.36,1.39,true
yDiXQl7grPQ,Do You Hear Yanny or Laurel? (SOLVED with SCIENCE),AsapSCIENCE,18.20.05,29403688,452725,141646,1.54,2.05,2.3,2.29,true
Nz0qoOgyWSQ,"The Talk - Eve Reacts to Nicki Minaj's Racy Magazine Cover, 'I just don't think it's right'",The Talk,17.21.11,397918,2031,1611,0.51,2.05,1.99,1.78,true
3RlbqOl_4NA,"UFO spotted by US fighter jet pilots, new footage reveals - BBC News",BBC News,17.30.12,1140097,11389,4974,1.0,2.05,1.21,1.42,true
Wpm07-BGJnE,Nicki Minaj - Chun-Li,NickiMinajAtVEVO,18.19.05,35579512,824036,92564,2.32,2.05,1.69,1.55,true
4DQUrg0Yhu4,A Man Drank 2 Liters Moonshine In 2 Hours. This Is What Happened To His Eyes.,Chubbyemu,18.14.01,704426,23570,3960,3.35,2.05,-0.58,-1.49,true
u_C4onVrr8U,"Miguel - Come Through and Chill (Official Video) ft. J. Cole, Salaam Remi",MiguelVEVO,18.15.05,5767032,126693,4602,2.2,2.05,1.3,1.09,true
we5djgQwK9w,Whats In My HUGE Fridge?,Rosanna Pansino,18.30.04,3135496,118030,18650,3.76,2.05,2.02,1.96,true
CWAX-tiepMo,RWBY Volume 5: Chapter 14 - Haven's Fate | Rooster Teeth,Rooster Teeth,18.30.01,1266211,47497,20281,3.75,2.05,2.31,2.64,true
aq-phmpUJ_E,Making music with LEGO,ANDREW HUANG,18.18.03,885778,23830,1475,2.69,2.05,0.55,-0.66,true
zFYFHQq6dgs,5 Ways To Use The Last Bit Of Everything,BuzzFeed Nifty,18.22.02,368859,7315,183,1.98,2.05,2.38,0.22,true
52pwYD_rxmE,TRY NOT TO Slip 'N Slide Through the Wrong MYSTERY BOX!!,FaZe Rug,18.14.06,3494232,112341,11859,3.22,2.05,-0.28,-0.68,true
w2Es7-c9GAk,Selena Gomez Delivers Emotional First Performance of 'Wolves' at the AMAs -- Watch!,Entertainment Tonight,17.22.11,1742272,8664,1793,0.5,2.05,2.25,0.03,true
8XBLuU_4Qgo,John Cena On His Split From Nikki Bella: ‘I Had My Heart Broken Out Of Nowhere’ | TODAY,TODAY,18.04.06,1956932,22433,4097,1.15,2.04,2.14,1.4,true
upzmEBwEtpo,21 Things that Turned 21 This Year (2017) - mental_floss List Show Ep. 523,Mental Floss,17.12.12,94819,2424,410,2.56,2.04,1.94,1.61,true
bTfJa_Qb5T0,13 Clever Ways to Fake High-end Looks in Your Home,Hometalk,18.15.05,5190938,125605,4237,2.42,2.04,2.06,1.83,true
jZoHuMwZwTk,1899-1902 British Emergency Ration Field Service Oldest MRE Beef Eaten Survival Food Review Test,Steve1989MREInfo,18.14.05,794495,19735,5422,2.48,2.04,2.2,2.2,true
JzA097DmNTI,Rescued Chimp Helps Out on Flight over Africa,Associated Press,18.11.03,233533,2599,0,1.11,2.04,2.03,-0.42,true
MIQKlHSD89E,Tiny Donkey Thinks He's Actually A Dog  | The Dodo,The Dodo,18.01.04,3444015,103847,6205,3.02,2.04,2.28,1.6,true
kUZlz6VbMCg,WATCH: The super blue blood moon makes first appearance since 1866,PBS NewsHour,18.03.02,5491475,36709,0,0.67,2.04,2.04,-0.25,true
coOKvrsmQiI,RAMPAGE - OFFICIAL TRAILER 1 [HD],Warner Bros. Pictures,17.20.11,12776633,130537,24010,1.02,2.04,2.06,2.17,true
J-dv_DcDD_A,ZAYN - Let Me (Official Video),ZaynVEVO,18.30.04,44782227,1320316,85709,2.95,2.04,1.56,1.31,true
LTWh-i-iJqM,Star Wars The Last Jedi First Reactions And World Premiere Report - The John Campea Show,John Campea,17.12.12,93614,3193,620,3.41,2.04,2.41,-0.56,true
AvFNCNOyZeE,Round Peg in a Square Hole - Numberphile,Numberphile,18.15.03,576991,12313,532,2.13,2.04,1.05,-0.53,true
tjA7nAHOAww,"LSD - Audio (Official Video) ft. Sia, Diplo, Labrinth",SiaVEVO,18.06.06,20568181,457752,14111,2.23,2.04,1.68,1.19,true
i0p1bmr0EmE,TWICE What is Love? M/V,jypentertainment,18.24.04,63341107,1292578,233818,2.04,2.04,1.46,1.33,true
3g246c6Bv58,Why Is Blue So Rare In Nature?,It's Okay To Be Smart,18.15.01,600345,28114,2145,4.68,2.04,1.97,1.95,true
9wg3v-01yKQ,Harry Styles - Kiwi,HarryStylesVEVO,17.14.11,9632678,810895,59473,8.42,2.04,2.04,2.04,true
Qcj15vHJTtk,Royal Wedding - SNL,Saturday Night Live,18.27.05,7655742,62655,8111,0.82,2.04,1.49,1.29,true
aGl-1nwahCA,Ew! with John Cena,The Tonight Show Starring Jimmy Fallon,18.16.03,4807512,111866,9136,2.33,2.04,1.57,2.37,true
nsZvmFUXkrI,"Racist Superman | Rudy Mancuso, Alesso & King Bach",Rudy Mancuso,18.20.04,6262553,269830,27791,4.31,2.04,2.11,2.43,true
vn9mMeWcgoM,Jurassic World: Fallen Kingdom - Official Trailer [HD],Universal Pictures,17.10.12,24853980,466879,67102,1.88,2.04,2.61,3.28,true
kz1xzBYppW8,Heartbreaking video of schoolboy Keaton Jones recounting being bullied,Guardian News,17.14.12,1162843,9988,7014,0.86,2.04,2.32,2.61,true
3S6HQGHqQa0,I spent a day with FLAT EARTH believers,AnthonyPadilla,18.11.02,486141,20671,6118,4.25,2.04,0.26,2.79,true
44NYFvhXmW8,Thirty Seconds To Mars - Walk On Water (Official Music Video),ThirtySecondsToMarsVEVO,17.14.11,1905487,65854,4490,3.46,2.04,1.78,-0.6,true
HdusPnywwPI,SIRI PICKS MY MAKEUP,Tati,18.14.06,1371236,58054,6531,4.23,2.04,1.03,0.65,true
-BDImdAfodA,Kylie Minogue - Dancing (Official Video),KylieMinogueOnVEVO,18.08.02,1307790,34007,3533,2.6,2.04,1.79,1.61,true
jG1JY0rt2Os,Fall Out Boy - HOLD ME TIGHT OR DON’T,FallOutBoyVEVO,17.21.11,3489592,172746,15460,4.95,2.04,1.78,1.66,true
Kw0ih4jPOBo,Kacey Musgraves - Space Cowboy (Official Music Video),KaceyMusgravesVEVO,18.17.05,920289,9754,552,1.06,2.03,1.85,0.89,true
4kDklB6-69Q,Poo Bear ft. Justin Bieber & Jay Electronica - Hard 2 Face Reality (Lyric Video),Hannah Stocking,18.16.04,17148610,635264,52801,3.7,2.03,2.46,2.63,true
HgknAaKNaMM,Carrie Underwood - The Champion ft. Ludacris,carrieunderwoodVEVO,18.16.03,7022562,110151,6216,1.57,2.03,1.97,1.8,true
NWOz3OZ6J9M,Men arrested at Starbucks speak out,ABC News,18.30.04,1396750,15577,29735,1.12,2.03,2.49,2.53,true
a7NJ6Gek9v4,ALL TIME GREATEST AIRPLANE SEAT - Emirates First Class Suite,CaseyNeistat,17.18.12,5507332,255090,13640,4.63,2.03,2.2,0.54,true
d-73-Cr0tQs,LIVE 🔴 - PyeongChang 2018 Olympic Winter Games,Olympic,18.18.02,1169995,11156,0,0.95,2.03,1.9,-1.34,true
Ya_trIAWIXA,Real Doctor Reacts to THE GOOD DOCTOR | Medical Drama Review | Doctor Mike,Doctor Mike,18.14.05,4810584,205591,24271,4.27,2.03,1.71,1.42,true
Nk5yOFCsNeE,$360 KYLIE COSMETICS BRUSHES TESTED! HONEST AF REVIEW!,Manny Mua,17.19.12,3096627,143831,104113,4.64,2.03,2.03,1.04,true
p-GN8WXoiX4,The FASTEST Grand Mac Meal Ever Eaten (under 1 Minute!!),Matt Stonie,18.21.03,4104528,120442,17468,2.93,2.03,2.31,2.19,true
LQicq60aJaw,FULL Interview: Prince Harry and Meghan Markle  - BBC News,BBC News,17.03.12,1135001,8188,3638,0.72,2.03,0.58,0.74,true
zNL_kGO6lQ8,[ASMR] SLOW Tapping & Whispered Trigger Assortment,Gibi ASMR,18.14.03,1102659,19356,4489,1.76,2.03,1.89,-0.0,true
u9Mv98Gr5pY,VENOM - Official Trailer (HD),Sony Pictures Entertainment,18.09.05,57388098,1280145,138157,2.23,2.03,1.94,1.91,true
fGHOLz35L8M,Yellow Labrador dumped after being used for breeding puppies.  Look how happy she is now!,Hope For Paws - Official Rescue Channel,18.15.01,1098961,35056,2929,3.19,2.03,1.93,1.81,true
7cqYiUmutGI,Pizza | Basics with Babish,Binging with Babish,18.17.02,1736952,55768,3687,3.21,2.03,2.78,1.11,true
OPdmg58S9ZM,Why Justin Bieber Was The Worst SNL Guest | WWHL,Watch What Happens Live with Andy Cohen,18.28.03,637917,1934,226,0.3,2.03,0.77,-0.2,true
GpxCT36DxKg,MOWGLI - Official 1st Trailer,Warner Bros. Pictures,18.26.05,12715926,115064,16828,0.9,2.03,1.71,1.27,true
mMzKvVtrC6U,"I'm Not A Child, I'm 20 | Living Differently",BBC Three,17.31.12,1147618,17821,5839,1.55,2.03,1.04,2.21,true
-NEhvlJA5q8,Amtrak Train Carrying Republican Lawmakers To A Retreat Hits Garbage Truck | Velshi & Ruhle | MSNBC,MSNBC,18.02.02,310910,1205,3093,0.39,2.03,0.41,2.57,true
n-H6zIeMiUs,Watch what Whipped Cream Does in a Vacuum Chamber,The King of Random,18.17.03,1549476,19955,6787,1.29,2.03,0.71,2.24,true
dt7fU9H8tz8,Women Try A One-Size-Fits-All Bridesmaid Dress,As/Is,18.14.03,2349746,49285,2389,2.1,2.03,1.62,0.87,true
tGRzz0oqgUE,Janelle Monáe – Make Me Feel [Official Music Video],Janelle Monáe,18.01.03,4121390,105303,8359,2.56,2.02,1.71,1.39,true
8XBLuU_4Qgo,John Cena On His Split From Nikki Bella: ‘I Had My Heart Broken Out Of Nowhere’ | TODAY,TODAY,18.03.06,1948658,22322,4078,1.15,2.02,2.13,1.39,true
MaTSyJDoxPo,Valentine's Day OMBRÉ Heart Cake | Cupcake Jemma,CupcakeJemma,18.16.02,186750,5770,249,3.09,2.02,1.36,1.52,true
dcipHnWcB0w,Kim Kardashian's Surrogate Didn't Know Whose Baby She Was Carrying!,The Real Daytime,17.21.11,654025,5741,569,0.88,2.02,1.73,0.31,true
hEnWzvzVMaA,FESTIVAL RAINBOW MAKEUP & LOOKBOOK,James Charles,18.14.05,5816067,216895,22775,3.73,2.02,0.64,0.01,true
TI5bEf-BULU,How Michael B. Jordan's Black Panther Makeup Was Done — Exclusive Behind The Scenes,INSIDER,18.09.05,10349322,110737,4959,1.07,2.02,2.08,2.07,true
5LoBGoQPUNc,Jennifer Lawrence Takes a Lie Detector Test | Vanity Fair,Vanity Fair,18.04.03,3997804,88364,7628,2.21,2.02,1.87,2.61,true
dT5ALH3ICTc,$2 Bacon Vs. $100 Bacon,BuzzFeedVideo,18.21.03,5508851,126278,12558,2.29,2.02,2.14,1.53,true
3RlbqOl_4NA,"UFO spotted by US fighter jet pilots, new footage reveals - BBC News",BBC News,17.29.12,1130720,11362,4954,1.0,2.02,1.2,1.41,true
h8Q3IhUwX_4,Lili Reinhart and Camila Mendes Read Absurd Riverdale Fan Theories | ELLE,ELLE,17.11.12,759223,30469,1570,4.01,2.02,2.28,2.19,true
eOQpjvnm4ME,The Bipartisan Pastime Of Harassing Women,The Late Show with Stephen Colbert,17.19.11,1612055,18320,3563,1.14,2.02,1.57,1.58,true
DkeiKbqa02g,"Calvin Harris, Dua Lipa - One Kiss (Official Video)",CalvinHarrisVEVO,18.24.05,68251318,812428,25847,1.19,2.02,1.5,1.52,true
QwZT7T-TXT0,So Sorry.,Logan Paul Vlogs,18.09.01,37539570,1402578,1361580,3.74,2.02,0.22,1.77,true
U0W_rpvm3Ys,Huge Sea Lion attacks and eats Penguins - Wild Patagonia - BBC Earth,BBC Earth,18.20.01,574808,6020,1608,1.05,2.02,1.72,2.23,true
jzLlsbdrwQk,"$17 Pet vs. $100,000 Pet",BuzzFeedBlue,18.22.05,5329282,95408,11504,1.79,2.02,1.77,1.9,true
T1-k7VYwsHg,Alton Brown Rigorously Reviews Spicy Wings | Hot Ones,First We Feast,18.14.05,2741354,93731,11885,3.42,2.02,1.41,1.35,true
H0g4JxKp4fc,*cough*,jacksfilms,18.03.03,2130377,218275,39207,10.25,2.02,2.36,0.77,true
u9Mv98Gr5pY,VENOM - Official Trailer (HD),Sony Pictures Entertainment,18.08.05,57131511,1278252,138128,2.24,2.02,1.93,1.91,true
NBgNCDF4lG8,U2 - Get Out Of Your Own Way (LIVE From The 60th GRAMMYs ®),U2VEVO,18.04.02,852554,17400,2387,2.04,2.02,1.89,-0.21,true
HL6ECWZ8G1s,Why Is It So Hard To Fall Asleep?,Life Noggin,18.20.01,1204876,36569,5631,3.04,2.02,1.74,0.54,true
7C2z4GqqS5E,BTS (방탄소년단) 'FAKE LOVE' Official MV,ibighit,18.25.05,92054928,5232318,1163977,5.68,2.01,2.08,2.14,true
F-j_6IuaYfw,I Miss the Old Taylor,Wong Fu Productions,17.14.11,476389,16106,2077,3.38,2.01,0.05,0.78,true
8XBLuU_4Qgo,John Cena On His Split From Nikki Bella: ‘I Had My Heart Broken Out Of Nowhere’ | TODAY,TODAY,18.02.06,1940400,22224,4066,1.15,2.01,2.12,1.39,true
pTysrwci0pU,I Got A Perfect Makeover Based On My Features,Safiya Nygaard,18.01.06,6303293,313926,29134,4.98,2.01,2.02,-0.03,true
Sb_hCbZ80aQ,Sumo Wrestling with Conan O’Brien | Kevin Hart: What The Fit Episode 1 | Laugh Out Loud Network,LOL Network,18.24.03,5823258,63060,3537,1.08,2.01,0.86,1.09,true
ZWAkzvL5Ho4,Bleach Blonde Baby Teaser,Poppy,17.12.12,1254522,22171,4192,1.77,2.01,-0.38,-0.12,true
fRj34o4hN4I,"What's new, Atlas?",BostonDynamics,17.23.11,10595011,203961,35108,1.93,2.01,2.02,1.92,true
T1-k7VYwsHg,Alton Brown Rigorously Reviews Spicy Wings | Hot Ones,First We Feast,18.13.05,2731185,93529,11863,3.42,2.01,1.4,1.35,true
FFsp5b4AUTE,"Roman Reigns is brutally ambushed by Brock Lesnar: Raw, March 19, 2018",WWE,18.22.03,7286159,84386,19528,1.16,2.01,1.33,3.21,true
DhEjpq88wGw,Fifth Harmony’s Normani Kordei Performs 'Bootylicious' by Destiny's Child  | Lip Sync Battle Preview,Lip Sync Battle,18.04.02,662736,11748,661,1.77,2.01,2.86,1.86,true
3b24Q8Bz7b4,"This Chicken is Entirely Black, From Beak to Bone",Great Big Story,18.14.04,1286410,27730,5461,2.16,2.01,1.68,3.35,true
gDXwhHm4GhM,Everything Wrong With Thor Ragnarok In 15 Minutes Or Less,CinemaSins,18.06.05,4069446,78982,10409,1.94,2.01,1.6,0.93,true
K_XXXDPODmw,Taking Riverdale Quizzes with Camila Mendes and Hart Denton| Madelaine Petsch,Madelaine Petsch,18.12.02,1430244,99374,3614,6.95,2.01,1.93,1.66,true
LtpqdJkoKm8,COLLEGE KIDS REACT TO THIS IS AMERICA - CHILDISH GAMBINO,FBE,18.17.05,4022499,119051,20438,2.96,2.0,1.63,1.02,true
CP6aYDssDSE,Eating BRUNCH at Taiwan 7-ELEVEN,Strictly Dumpling,18.25.02,1909207,36107,5301,1.89,2.0,1.78,1.75,true
xYtsL9znopI,Khalid & Normani - Love Lies (Official Video),KhalidVEVO,18.26.02,6010383,242098,11671,4.03,2.0,1.56,1.29,true
u9Mv98Gr5pY,VENOM - Official Trailer (HD),Sony Pictures Entertainment,18.07.05,56856579,1275979,137840,2.24,2.0,1.93,1.91,true
qfqVkEYQ1Ls,"Breaking down 'This Is America,' Childish Gambino's chilling new video",Washington Post,18.20.05,7452863,66930,7584,0.9,2.0,2.05,0.96,true
8XBLuU_4Qgo,John Cena On His Split From Nikki Bella: ‘I Had My Heart Broken Out Of Nowhere’ | TODAY,TODAY,18.01.06,1931817,22108,4046,1.14,2.0,2.1,1.37,true
nsZvmFUXkrI,"Racist Superman | Rudy Mancuso, Alesso & King Bach",Rudy Mancuso,18.19.04,6207826,268539,27669,4.33,2.0,2.08,2.41,true
y3qfeoqErtY,How Overnight Shipping Works,Wendover Productions,18.16.02,1633753,45194,2980,2.77,2.0,2.02,0.02,true
oWw1BcFhk-k,Liam Payne & J Balvin - Familiar (Official Video),LiamPayneVEVO,18.28.05,40684506,547701,21535,1.35,2.0,1.16,0.78,true
V1Pl8CzNzCw,Billie Eilish - lovely (with Khalid),BillieEilishVEVO,18.15.05,9208165,308653,10677,3.35,2.0,1.68,1.65,true
f6Egj7ncOi8,FULL FACE USING ONLY MY MOM'S MAKEUP Challenge | NikkieTutorials,NikkieTutorials,18.03.01,3616329,313341,135277,8.66,2.0,2.93,3.05,true
U0W_rpvm3Ys,Huge Sea Lion attacks and eats Penguins - Wild Patagonia - BBC Earth,BBC Earth,18.19.01,570250,5983,1601,1.05,2.0,1.7,2.22,true
L4pkD78oKSo,Belmont Stakes 2018 I FULL RACE I Justify's Pursuit of the Triple Crown I NBC Sports,NBC Sports,18.13.06,1124169,6682,1959,0.59,2.0,1.17,2.3,true
noUH5aYUBx4,FCC Votes to Repeal Net Neutrality; Omarosa Drama Continues: A Closer Look,Late Night with Seth Meyers,17.19.12,2523830,28674,3570,1.14,2.0,1.97,1.4,true
HdusPnywwPI,SIRI PICKS MY MAKEUP,Tati,18.13.06,1362500,58016,6524,4.26,2.0,1.03,0.65,true
NcsGpDFKCgY,Milk Is Just Filtered Blood,MinuteEarth,18.26.04,605776,17211,4447,2.84,2.0,1.57,1.86,true
rFAddL8g8mw,I Went To Japan To Make The Most Difficult Omelet,Tasty,18.04.06,3012365,128816,7434,4.28,1.99,2.8,3.23,true
p-GN8WXoiX4,The FASTEST Grand Mac Meal Ever Eaten (under 1 Minute!!),Matt Stonie,18.20.03,4070154,119675,17359,2.94,1.99,2.27,2.16,true
qpkXi0-XkxI,Did Tyler Predict Khloe Kardashian’s Drama With Tristan? | Hollywood Medium with Tyler Henry | E!,E! Entertainment,18.20.04,1751922,15023,1551,0.86,1.99,2.21,2.17,true
yKVAhDbSito,BLOOD SUGAR ❤️ PALETTE & LOVE SICK COLLECTION REVEAL | Jeffree Star Cosmetics,jeffreestar,18.01.02,3100935,203911,47173,6.58,1.99,2.05,-0.37,true
n-H6zIeMiUs,Watch what Whipped Cream Does in a Vacuum Chamber,The King of Random,18.16.03,1538007,19853,6770,1.29,1.99,0.69,2.23,true
8XBLuU_4Qgo,John Cena On His Split From Nikki Bella: ‘I Had My Heart Broken Out Of Nowhere’ | TODAY,TODAY,18.31.05,1924522,22049,4045,1.15,1.99,2.09,1.37,true
TudhYwBrgYg,Pastry Chef Attempts To Make Gourmet Skittles | Gourmet Makes | Bon Appétit,Bon Appétit,18.08.06,2685993,70831,6054,2.64,1.99,2.31,2.25,true
0EPY1CKFecs,The True Messed Up Story of Pocahontas,CollegeHumor,18.29.03,1916165,50473,7835,2.63,1.98,1.43,2.63,true
NKmGVE85GUU,Why can't you divide by zero? - TED-Ed,TED-Ed,18.26.04,898191,31987,2571,3.56,1.98,2.33,2.28,true
9sRQQRiltrE,BTS Get Scared by a Fangirl,TheEllenShow,18.30.05,4005642,194147,21655,4.85,1.98,4.0,6.12,true
7cqYiUmutGI,Pizza | Basics with Babish,Binging with Babish,18.16.02,1716521,55478,3687,3.23,1.97,2.74,1.11,true
U0W_rpvm3Ys,Huge Sea Lion attacks and eats Penguins - Wild Patagonia - BBC Earth,BBC Earth,18.18.01,563807,5912,1591,1.05,1.97,1.66,2.2,true
r8FQ5wUYm9c,Don't Talk - Cyanide & Happiness Shorts,ExplosmEntertainment,17.10.12,1981596,76914,4687,3.88,1.97,2.18,1.49,true
AZ4sakIfXUE,Things We Should Leave in 2017,ConnorFranta,17.25.12,251710,38887,2770,15.45,1.96,2.18,2.1,true
aGl-1nwahCA,Ew! with John Cena,The Tonight Show Starring Jimmy Fallon,18.15.03,4683237,109485,8923,2.34,1.96,1.52,2.3,true
zFYFHQq6dgs,5 Ways To Use The Last Bit Of Everything,BuzzFeed Nifty,18.21.02,358582,7058,175,1.97,1.96,2.25,0.15,true
6xUPaVfmcUs,Kevin Hart on Lavar Ball and His Least Favorite Son | Cold As Balls | Laugh Out Loud Network,LOL Network,18.13.02,5716401,124292,5751,2.17,1.96,2.53,2.37,true
nsZvmFUXkrI,"Racist Superman | Rudy Mancuso, Alesso & King Bach",Rudy Mancuso,18.18.04,6143056,266859,27787,4.34,1.96,2.04,2.43,true
wzKL-bQKcgA,Anitta & J Balvin - Downtown (Official Lyric Video) ft. Lele Pons & Juanpa Zurita,Lele Pons,17.18.12,11375606,692950,37240,6.09,1.95,2.76,2.67,true
_EvMYEfF_hQ,Stranger Things Cast Answer the Web's Most Searched Questions | WIRED,WIRED,17.22.11,5670852,262497,16321,4.63,1.95,2.74,2.35,true
CY8E6N5Nzec,Marshmello & Anne-Marie - FRIENDS (Lyric Video) *OFFICIAL FRIENDZONE ANTHEM*,Marshmello,18.18.02,15208321,592538,29404,3.9,1.95,2.44,0.46,true
kewIE0Zw6yY,A Thirsty Sidewalk,Daily Dose Of Internet,18.10.03,5443795,124589,12976,2.29,1.95,2.03,1.88,true
p-GN8WXoiX4,The FASTEST Grand Mac Meal Ever Eaten (under 1 Minute!!),Matt Stonie,18.19.03,4022115,118767,17245,2.95,1.94,2.24,2.13,true
n-H6zIeMiUs,Watch what Whipped Cream Does in a Vacuum Chamber,The King of Random,18.15.03,1518910,19688,6696,1.3,1.94,0.67,2.18,true
NWOz3OZ6J9M,Men arrested at Starbucks speak out,ABC News,18.29.04,1352233,15152,29177,1.12,1.94,2.4,2.47,true
sjVqDg32_8s,Westworld Season 2 | Official Trailer | HBO,HBO,18.06.04,8556235,53882,4938,0.63,1.94,2.33,1.15,true
xLkHEZTSeoU,Casey Neistat Melts His Face Off While Eating Spicy Wings | Hot Ones,First We Feast,17.17.12,2672086,122077,12424,4.57,1.93,2.17,1.47,true
44W9qstI8H8,Taylor Swift - I Did Something Bad (Cover) | By Shoshana Bean and Cynthia Erivo,Shoshana Bean,17.07.12,519269,19970,1208,3.85,1.93,2.03,1.85,true
H0g4JxKp4fc,*cough*,jacksfilms,18.02.03,2093186,215699,38871,10.3,1.93,2.31,0.75,true
nsZvmFUXkrI,"Racist Superman | Rudy Mancuso, Alesso & King Bach",Rudy Mancuso,18.17.04,6088315,265567,27727,4.36,1.92,2.01,2.42,true
pojXEFDFMw8,2018 FIFA World Cup | Forget | ITV,ITV,18.04.06,354451,4639,0,1.31,1.92,2.13,,true
3BJU2drrtCM,How a TV Works in Slow Motion - The Slow Mo Guys,The Slow Mo Guys,18.20.01,5779856,295399,13719,5.11,1.92,2.7,2.52,true
1eKa8ju_b2A,Guess Who: #MeToo Edition,Funny Or Die,18.01.03,130817,3464,973,2.65,1.92,2.7,2.84,true
qfqVkEYQ1Ls,"Breaking down 'This Is America,' Childish Gambino's chilling new video",Washington Post,18.19.05,7211296,65924,7508,0.91,1.92,2.01,0.94,true
sjVqDg32_8s,Westworld Season 2 | Official Trailer | HBO,HBO,18.05.04,8492072,53368,4906,0.63,1.92,2.3,1.13,true
LvC8VzCcI88,LaurDIY and Alex Wassabi's Epic Two-Tone Room Makeover!,Mr. Kate,18.19.02,2091302,123445,6851,5.9,1.92,2.14,1.53,true
uBYzYji4rmE,Honest Trailers - Black Panther,Screen Junkies,18.17.05,3411614,89893,14071,2.63,1.92,1.94,2.21,true
iGXYZwZEZa0,How small a hole can a mouse get through?  Experiments.,Matthias Wandel,17.13.12,2264337,27615,6378,1.22,1.92,1.86,2.09,true
OQkfDJ2zVNo,Trump Calls Non-White Countries S**tholes: The Daily Show,The Daily Show with Trevor Noah,18.14.01,2898576,52749,25614,1.82,1.92,2.19,2.55,true
TX0UsGn0GPc,Mini Wedding Cake for Valentine's Day Teeny Weeny Challenge #4,How To Cook That,18.14.02,432972,10042,1997,2.32,1.92,1.38,2.05,true
2fouYHWUhZo,Camila Cabello Watches Fan Covers On YouTube | Glamour,Glamour Magazine,18.26.03,2239708,82672,3577,3.69,1.92,2.04,1.95,true
7cqYiUmutGI,Pizza | Basics with Babish,Binging with Babish,18.15.02,1698653,55226,3661,3.25,1.91,2.71,1.08,true
8uvIPHtKoQQ,Is The Last Jedi the Most Divisive Star Wars Movie Ever? (SPOILERS) - SJU,ScreenJunkies News,17.23.12,97923,2619,2149,2.67,1.91,2.21,2.45,true
nDoQqQUa9C8,OH NO! ALL ANTS DEAD?!,AntsCanada,18.02.02,904555,36647,15710,4.05,1.91,2.12,1.96,true
pisY6J2Ky6U,ADULTS REACT TO KARMA IS A BITCH CHALLENGE,FBE,18.10.02,3933195,138687,8736,3.53,1.91,2.16,-0.45,true
jp9hK-jY6yY,When Someone Has A Crush on You | Lilly Singh,IISuperwomanII,17.14.11,3371669,202676,20086,6.01,1.91,1.6,2.02,true
6ZfuNTqbHE8,Marvel Studios' Avengers: Infinity War Official Trailer,Marvel Entertainment,17.01.12,56367282,2157727,303178,3.83,1.9,2.46,2.71,true
ESyJop31cmY,The Broccoli Tree: A Parable,vlogbrothers,18.17.03,356352,31530,2159,8.85,1.9,2.19,0.6,true
sjVqDg32_8s,Westworld Season 2 | Official Trailer | HBO,HBO,18.04.04,8402250,52630,4844,0.63,1.89,2.25,1.11,true
PaYvlVR_BEc,Janelle Monáe - PYNK [Official Video],Janelle Monáe,18.16.04,3956258,102542,11690,2.59,1.89,1.63,2.4,true
n-H6zIeMiUs,Watch what Whipped Cream Does in a Vacuum Chamber,The King of Random,18.14.03,1504048,19566,6673,1.3,1.89,0.65,2.16,true
wbSwFU6tY1c,Falcon Heavy Test Flight,SpaceX,18.08.02,14812947,300309,30313,2.03,1.89,1.92,2.05,true
cSFfxxVYpxk,BEAUTY ROOM TOUR ... (REAL AF),Tati,18.26.05,1333624,74168,11124,5.56,1.89,1.92,2.06,true
nsZvmFUXkrI,"Racist Superman | Rudy Mancuso, Alesso & King Bach",Rudy Mancuso,18.16.04,6034531,264509,27595,4.38,1.89,1.99,2.4,true
p-GN8WXoiX4,The FASTEST Grand Mac Meal Ever Eaten (under 1 Minute!!),Matt Stonie,18.18.03,3966380,117643,17034,2.97,1.88,2.19,2.07,true
t5Lz14wu1uw,ready player one,ProZD,17.17.12,2421690,74282,5464,3.07,1.88,0.55,2.24,true
6Km34EXxGZ4,I React to Mean Comments,TheReportOfTheWeek,18.26.03,2204925,119459,26986,5.42,1.87,2.28,2.21,true
zFYFHQq6dgs,5 Ways To Use The Last Bit Of Everything,BuzzFeed Nifty,18.20.02,347757,6829,166,1.96,1.87,2.13,0.07,true
S9KxqRUcnCU,Boomerang Trick Shots | Dude Perfect,Dude Perfect,18.07.04,22233274,848043,37216,3.81,1.87,2.22,0.82,true
sjVqDg32_8s,Westworld Season 2 | Official Trailer | HBO,HBO,18.03.04,8332364,51585,4767,0.62,1.87,2.18,1.07,true
V15BYnSr0P8,Live It Up (Official Video) - Nicky Jam feat. Will Smith & Era Istrefi (2018 FIFA World Cup Russia),NickyJamTV,18.14.06,20409647,568680,64390,2.79,1.87,2.38,2.33,true
aGl-1nwahCA,Ew! with John Cena,The Tonight Show Starring Jimmy Fallon,18.14.03,4536211,106277,8700,2.34,1.87,1.46,2.23,true
9DUfFHaUpxg,The Voice Behind 250 of Your Favorite Cartoons,Great Big Story,18.23.03,1226985,35641,2069,2.9,1.87,2.46,0.83,true
7C2z4GqqS5E,BTS (방탄소년단) 'FAKE LOVE' Official MV,ibighit,18.24.05,87430865,5150831,1142269,5.89,1.86,2.02,2.08,true
qpkXi0-XkxI,Did Tyler Predict Khloe Kardashian’s Drama With Tristan? | Hollywood Medium with Tyler Henry | E!,E! Entertainment,18.19.04,1682177,14651,1510,0.87,1.86,2.13,2.08,true
7LjC-nUPrNg,Kids Try 100 Years of the Most Expensive Foods | Bon Appétit,Bon Appétit,18.15.01,2562500,29439,6048,1.15,1.86,0.34,2.25,true
L4pkD78oKSo,Belmont Stakes 2018 I FULL RACE I Justify's Pursuit of the Triple Crown I NBC Sports,NBC Sports,18.12.06,1079990,6482,1826,0.6,1.86,1.1,2.03,true
kxMC7g_sKjw,Jim Carrey Crashes Jeff Daniels' CONAN Interview  - CONAN on TBS,Team Coco,18.21.04,3111841,38688,3563,1.24,1.86,0.71,2.36,true
kfOeQj7HsCE,Chris Evans opens up about 'Avengers: Infinity War',Good Morning America,18.29.04,1108183,19891,3358,1.79,1.85,1.85,2.12,true
NWOz3OZ6J9M,Men arrested at Starbucks speak out,ABC News,18.28.04,1312571,14758,30322,1.12,1.85,2.32,2.59,true
wppAQ8uZpfQ,How Millennials Are Killing the Diamond Industry,Cracked,17.28.11,644576,29669,4963,4.6,1.84,3.45,3.56,true
MidgYgFwgTI,Blind Ice Cream Taste Test,Good Mythical Morning,18.11.06,1933415,43809,6974,2.27,1.84,2.13,2.54,true
pMpQABKlC-I,How To Speak Internet 101 (ft. Will Smith),IISuperwomanII,17.27.12,3313243,211931,20921,6.4,1.84,1.79,2.19,true
n-H6zIeMiUs,Watch what Whipped Cream Does in a Vacuum Chamber,The King of Random,18.13.03,1483877,19430,6638,1.31,1.84,0.63,2.14,true
Qofj8MKO6mk,Frozen The Broadway Musical's Caissie Levy Performs 'Let It Go',The View,18.14.06,708014,10664,1012,1.51,1.84,2.55,-0.24,true
0vhxoVwqZkk,I Pretended To Be A Model On A Shoot For Jigsaw,Glam&Gore,17.04.12,563168,48612,2196,8.63,1.83,2.1,0.85,true
MIQKlHSD89E,Tiny Donkey Thinks He's Actually A Dog  | The Dodo,The Dodo,18.31.03,3185046,98732,5921,3.1,1.83,2.13,1.49,true
nsZvmFUXkrI,"Racist Superman | Rudy Mancuso, Alesso & King Bach",Rudy Mancuso,18.15.04,5954656,262626,27454,4.41,1.83,1.95,2.38,true
GKbjOWPbBwk,Chihuahua Won’t Leave Owner’s Gravesite,Inside Edition,18.17.01,1080992,33368,3616,3.09,1.83,4.2,3.49,true
6xUPaVfmcUs,Kevin Hart on Lavar Ball and His Least Favorite Son | Cold As Balls | Laugh Out Loud Network,LOL Network,18.12.02,5460841,116848,5507,2.14,1.83,2.33,2.23,true
Qx54quy9tDQ,Macaulay Culkin Responds to Home Alone Conspiracy Theories,The Tonight Show Starring Jimmy Fallon,18.06.03,4445890,68854,11376,1.55,1.82,0.74,3.12,true
V0HCZ4YGqbw,La de da de da de da de day oh,bill wurtz,18.22.01,3001349,284097,32926,9.47,1.82,2.24,2.31,true
6Km34EXxGZ4,I React to Mean Comments,TheReportOfTheWeek,18.25.03,2175188,118154,26741,5.43,1.82,2.24,2.17,true
X6iJ0hPpGec,Learn to Break a Glass with Your Voice || Learn Quick,Mike Boyd,17.07.12,892181,38869,3681,4.36,1.82,2.19,1.82,true
btE8mDfEF34,Stephen A. on Cavaliers' NBA Finals Game 4: 'It was an embarrassing effort' | SC with SVP | ESPN,ESPN,18.11.06,1215945,10083,6475,0.83,1.81,1.46,2.23,true
gA-NDZb29I4,Justin Timberlake - Filthy (Official Video),justintimberlakeVEVO,18.09.01,14409910,247120,30092,1.71,1.81,1.61,2.41,true
ESyJop31cmY,The Broccoli Tree: A Parable,vlogbrothers,18.16.03,350491,31249,2154,8.92,1.81,2.15,0.6,true
S9KxqRUcnCU,Boomerang Trick Shots | Dude Perfect,Dude Perfect,18.06.04,21966117,842800,36763,3.84,1.81,2.19,0.76,true
6_-b3U9QDKg,Helping the Police Find a Gun Underwater to Solve a Criminal Case! (Metal Detecting Underwater),DALLMYD,18.18.04,2466778,58285,4532,2.36,1.8,1.69,2.07,true
mF6vwuGWQZU,Beef Pirozhki - Food Wishes - Russian Meat Donuts,Food Wishes,18.11.03,317658,10840,1742,3.41,1.8,2.41,2.76,true
MidgYgFwgTI,Blind Ice Cream Taste Test,Good Mythical Morning,18.10.06,1910472,43556,6925,2.28,1.8,2.11,2.51,true
p-GN8WXoiX4,The FASTEST Grand Mac Meal Ever Eaten (under 1 Minute!!),Matt Stonie,18.17.03,3898249,116212,16916,2.98,1.8,2.13,2.04,true
U0W_rpvm3Ys,Huge seal attacks and eats penguins - Wild Patagonia - BBC Earth,BBC Earth,18.17.01,526697,5771,1555,1.1,1.79,1.59,2.13,true
n-H6zIeMiUs,Watch what Whipped Cream Does in a Vacuum Chamber,The King of Random,18.12.03,1468602,19274,6624,1.31,1.79,0.6,2.13,true
AZ4sakIfXUE,Things We Should Leave in 2017,ConnorFranta,17.24.12,245164,38202,2704,15.58,1.79,2.07,1.99,true
igczJLuaelg,#boogiedown CONTEST WINNERS ANNOUNCED,Fortnite,18.01.05,4610501,125244,32255,2.72,1.79,2.2,1.87,true
7cqYiUmutGI,Pizza | Basics with Babish,Binging with Babish,18.14.02,1658232,54679,3672,3.3,1.79,2.64,1.09,true
HqXKEgTYZBQ,How the end of net neutrality could change the internet,Vox,17.19.12,1222270,44795,8417,3.66,1.79,2.61,1.69,true
3uGIEY7tdg8,Suspiria - Teaser Trailer | Amazon Studios,Amazon Studios,18.14.06,2199149,15097,1912,0.69,1.79,2.16,2.14,true
TdyllLZeviY,Charlie Puth - Done For Me (feat. Kehlani) [Official Video],Charlie Puth,18.01.05,10044066,388574,17550,3.87,1.78,2.69,2.09,true
L3ymBk6Vb04,Avengers: Infinity War Cast Sings The Marvel Bunch,The Tonight Show Starring Jimmy Fallon,18.28.04,4372207,192420,7485,4.4,1.78,3.12,1.82,true
Hvysy11716g,Why We Pick Difficult Partners,The School of Life,18.03.02,499354,21887,1007,4.38,1.78,2.01,0.48,true
0ycLaWymtKk,Merry Christmas in Dominoes! 🎅🏻 (Christmas Card),Hevesh5,17.30.12,2883649,36176,2048,1.25,1.78,2.09,1.13,true
Q3jege0p0dQ,Marc Spelmann gets the first Golden Buzzer of 2018 | Auditions Week 1 | Britain’s Got Talent 2018,Britain's Got Talent,18.19.04,8124967,198143,0,2.44,1.78,2.31,,true
oMCijY1XGlQ,Playing Deadpool With Ryan Reynolds!,jacksepticeye,18.16.05,5128311,340240,35107,6.63,1.78,2.14,2.36,true
6Km34EXxGZ4,I React to Mean Comments,TheReportOfTheWeek,18.24.03,2146487,116915,26413,5.45,1.77,2.2,2.13,true
nsZvmFUXkrI,"Racist Superman | Rudy Mancuso, Alesso & King Bach",Rudy Mancuso,18.14.04,5862633,260581,27310,4.44,1.77,1.9,2.36,true
xL_qpDkF5A8,American Crime Story Season 2: The Assassination of Gianni Versace Trailer (HD),TV Promos,17.20.11,485303,4389,499,0.9,1.77,2.02,1.7,true
4kDklB6-69Q,Poo Bear ft. Justin Bieber & Jay Electronica - Hard 2 Face Reality (Lyric Video),Hannah Stocking,18.15.04,15477840,601692,51062,3.89,1.77,2.29,2.52,true
__4c1JCHvaQ,Logic Solves a Rubik's Cube While Eating Spicy Wings | Hot Ones,First We Feast,17.09.12,2537980,149012,18632,5.87,1.77,2.89,2.8,true
t9GNMVfEiG4,Gingerbread Cookies - You Suck at Cooking (episode 70),You Suck At Cooking,17.26.12,1256009,52795,6496,4.2,1.77,2.06,1.95,true
QBOzHhuTzvw,"Full Actresses Roundtable: Saoirse Ronan, Jennifer Lawrence, Mary J Blige | Close Up With THR",The Hollywood Reporter,18.13.02,224330,4314,1211,1.92,1.77,2.31,2.25,true
Oa0tSw2iV5o,"If Politicians Won't Take Action, These High Schoolers Will",The Late Show with Stephen Colbert,18.22.02,1492918,42804,12378,2.87,1.76,5.34,7.38,true
kfOeQj7HsCE,Chris Evans opens up about 'Avengers: Infinity War',Good Morning America,18.28.04,1079418,19587,3285,1.81,1.76,1.8,2.05,true
nWZMfPP34g8,BITTEN by a GIANT DESERT CENTIPEDE!,Brave Wilderness,17.23.12,4289828,154385,44063,3.6,1.76,3.01,3.79,true
GxmDeU_4UlQ,Why Does Vladimir Putin Walk So Weird?,Today I Found Out,18.18.01,1480442,25639,4981,1.73,1.75,1.08,2.46,true
3S6HQGHqQa0,I spent a day with FLAT EARTH believers,AnthonyPadilla,18.10.02,452835,20128,5601,4.44,1.75,0.18,2.44,true
h8Q3IhUwX_4,Lili Reinhart and Camila Mendes Read Absurd Riverdale Fan Theories | ELLE,ELLE,17.10.12,709986,29213,1713,4.11,1.75,2.14,2.5,true
3uGIEY7tdg8,Suspiria - Teaser Trailer | Amazon Studios,Amazon Studios,18.13.06,2173519,14991,1886,0.69,1.75,2.14,2.1,true
FhllRWReNEE,Melting Every Lipstick From Sephora Together,Safiya Nygaard,18.18.04,5982722,351937,359648,5.88,1.75,2.6,4.26,true
S9KxqRUcnCU,Boomerang Trick Shots | Dude Perfect,Dude Perfect,18.05.04,21667619,836469,36262,3.86,1.74,2.15,0.7,true
vRWH9GQ2J90,100 LAYERS OF DEEP FRIED PIZZA 🍕CHALLENGE!!!,HellthyJunkFood,18.14.06,1083920,20667,4327,1.91,1.74,1.67,2.89,true
DfxhWPvhFCQ,Iggy Azalea Burned Nick Young's Designer Clothes | WWHL,Watch What Happens Live with Andy Cohen,18.25.03,581030,5327,1895,0.92,1.74,4.03,2.83,true
uJNKApY1Gys,the CASEY NEISTAT shoutout,Sara Dietschy,17.21.12,72522,3550,446,4.9,1.73,2.16,-0.4,true
CWAX-tiepMo,RWBY Volume 5: Chapter 14 - Haven's Fate | Rooster Teeth,Rooster Teeth,18.29.01,1177597,45529,19508,3.87,1.73,2.1,2.52,true
NWOz3OZ6J9M,Men arrested at Starbucks speak out,ABC News,18.27.04,1254952,14272,29408,1.14,1.73,2.22,2.5,true
n-H6zIeMiUs,Watch what Whipped Cream Does in a Vacuum Chamber,The King of Random,18.11.03,1444015,19065,6587,1.32,1.72,0.57,2.1,true
rN7UMUQorRk,DAD TEACHES GAY SON HOW TO SHOOT *emotional*,Lucas,18.12.01,408504,10268,5136,2.51,1.72,-0.51,2.54,true
Qofj8MKO6mk,Frozen The Broadway Musical's Caissie Levy Performs 'Let It Go',The View,18.13.06,684910,10468,1008,1.53,1.72,2.49,-0.24,true
p-GN8WXoiX4,The FASTEST Grand Mac Meal Ever Eaten (under 1 Minute!!),Matt Stonie,18.16.03,3829925,114838,16681,3.0,1.72,2.08,1.98,true
ESyJop31cmY,The Broccoli Tree: A Parable,vlogbrothers,18.15.03,344574,31003,2145,9.0,1.71,2.12,0.59,true
6Km34EXxGZ4,I React to Mean Comments,TheReportOfTheWeek,18.23.03,2110376,115149,26166,5.46,1.71,2.15,2.1,true
VlZ1SWLBfPE,The Truth About Where Hair Extensions Come From | Shady | Refinery29,Refinery29,18.10.06,940063,62208,3244,6.62,1.71,2.26,2.11,true
CXK3OiDgymo,Behind the Scenes at the Victoria's Secret Fashion Show | Vlog | Karlie Kloss,Klossy,17.05.12,758192,26629,823,3.51,1.71,2.48,2.34,true
f6Egj7ncOi8,FULL FACE USING ONLY MY MOM'S MAKEUP Challenge | NikkieTutorials,NikkieTutorials,18.02.01,3426836,304233,133184,8.88,1.71,2.77,2.99,true
EKkzbbLYPuI,Lindsey Stirling - Carol of the Bells,Lindsey Stirling,17.06.12,3263861,162520,6696,4.98,1.7,1.68,2.07,true
c8W-auqg024,"We Sent Garlic Bread to the Edge of Space, Then Ate It",Tom Scott,18.26.04,3033793,104469,15869,3.44,1.7,1.93,2.22,true
3uGIEY7tdg8,Suspiria - Teaser Trailer | Amazon Studios,Amazon Studios,18.12.06,2142311,14864,1872,0.69,1.7,2.12,2.08,true
vRWH9GQ2J90,100 LAYERS OF DEEP FRIED PIZZA 🍕CHALLENGE!!!,HellthyJunkFood,18.13.06,1071017,20537,4307,1.92,1.7,1.64,2.87,true
k5TqNsr6YuQ,Troye Sivan - My My My!,TroyeSivanVEVO,18.18.01,8335017,498384,39803,5.98,1.69,2.44,2.43,true
rYzLh2QuraQ,Match the Dog to Their Owner - Lineup,Cut,18.13.01,1682367,57854,3404,3.44,1.69,2.13,2.29,true
P3Bd3HUMkyU,First Look at Nintendo Labo,Nintendo,18.19.01,5817295,191112,51219,3.29,1.69,2.15,2.1,true
eACohWVwTOc,The Chainsmokers - Sick Boy,ChainsmokersVEVO,18.25.01,16219716,559289,28940,3.45,1.69,2.3,2.13,true
igczJLuaelg,#boogiedown CONTEST WINNERS ANNOUNCED,Fortnite,18.30.04,4528303,124186,31817,2.74,1.69,2.13,1.82,true
qpkXi0-XkxI,Did Tyler Predict Khloe Kardashian’s Drama With Tristan? | Hollywood Medium with Tyler Henry | E!,E! Entertainment,18.18.04,1587969,14128,1415,0.89,1.68,2.01,1.88,true
V-F7tpdPZ-E,Faking My Death In Front of My Cat - Mean Kitty Reacts,TheMeanKitty,18.15.02,667342,25347,3431,3.8,1.68,2.04,2.07,true
evhLzq7Gsak,Matt Lauer Has Been Fired From NBC News | TODAY,TODAY,17.01.12,1717225,10041,9335,0.58,1.67,0.52,4.59,true
Kemqo35m8gk,I Tried Making Kinetic Sand!,DaveHax,18.14.05,1739399,14348,2492,0.82,1.67,1.65,2.03,true
JDmse8M-3-Y,teens react to nothing.,FBE,18.07.04,3695752,176013,25241,4.76,1.67,3.17,1.63,true
QLFRGj-PPNI,Tom Cruise Reacts to Slow-Mo Footage of How He Broke His Ankle | The Graham Norton Show,The Graham Norton Show,18.02.02,3089155,31203,2554,1.01,1.67,1.07,2.3,true
o78x918zbFk,TOTAL FAIL! NATASHA DENONA HOLIDAY WTF,Tati,17.14.11,1277364,56867,25326,4.45,1.67,0.96,6.43,true
aGl-1nwahCA,Ew! with John Cena,The Tonight Show Starring Jimmy Fallon,18.13.03,4184919,100023,8264,2.39,1.67,1.34,2.08,true
II-OP6vdMs8,"#MeToo Backlash | January 17, 2018 Act 1 | Full Frontal on TBS",Full Frontal with Samantha Bee,18.20.01,940904,14815,7250,1.57,1.67,2.04,2.88,true
OdJh_Q5XY4U,"MAYWEATHER REVEALS COMEBACK OFFER, FIGHTING IN UFC; POPPIN MAD SH*T: THERE'S ONLY ONE GOAT...ME",FightHype.com,17.18.12,285672,2370,2877,0.83,1.67,2.04,2.22,true
H0g4JxKp4fc,*cough*,jacksfilms,18.01.03,1992108,210945,38195,10.59,1.66,2.22,0.71,true
7C2z4GqqS5E,BTS (방탄소년단) 'FAKE LOVE' Official MV,ibighit,18.23.05,80738011,5053329,1114809,6.26,1.65,1.95,2.0,true
vRWH9GQ2J90,100 LAYERS OF DEEP FRIED PIZZA 🍕CHALLENGE!!!,HellthyJunkFood,18.12.06,1055023,20409,4280,1.93,1.65,1.62,2.84,true
iXcqpJQD5II,GET READY WITH ME | Latte Palette Reveal!,Christen Dominique,18.24.01,527683,50581,10511,9.59,1.65,2.72,2.51,true
5sEaYB4rLFQ,Fantastic Beasts: The Crimes of Grindelwald - Official Teaser Trailer,Warner Bros. Pictures,18.16.03,11161971,218633,18871,1.96,1.65,4.06,1.53,true
S9KxqRUcnCU,Boomerang Trick Shots | Dude Perfect,Dude Perfect,18.04.04,21315811,828968,35925,3.89,1.65,2.11,0.66,true
btE8mDfEF34,Stephen A. on Cavaliers' NBA Finals Game 4: 'It was an embarrassing effort' | SC with SVP | ESPN,ESPN,18.10.06,1150627,9737,6344,0.85,1.64,1.36,2.17,true
n-H6zIeMiUs,Watch what Whipped Cream Does in a Vacuum Chamber,The King of Random,18.10.03,1415529,18826,6566,1.33,1.64,0.53,2.09,true
3uGIEY7tdg8,Suspiria - Teaser Trailer | Amazon Studios,Amazon Studios,18.11.06,2101725,14687,1856,0.7,1.64,2.08,2.06,true
p-GN8WXoiX4,The FASTEST Grand Mac Meal Ever Eaten (under 1 Minute!!),Matt Stonie,18.15.03,3755581,113375,16488,3.02,1.64,2.02,1.93,true
jwkNAJBwoEA,The Friend Zone | Anwar Jibawi,Anwar Jibawi,18.25.01,2524775,105323,7659,4.17,1.64,1.84,2.14,true
MidgYgFwgTI,Blind Ice Cream Taste Test,Good Mythical Morning,18.09.06,1830309,42577,6803,2.33,1.64,2.02,2.43,true
6Km34EXxGZ4,I React to Mean Comments,TheReportOfTheWeek,18.22.03,2068056,113168,25717,5.47,1.63,2.09,2.04,true
9sRQQRiltrE,BTS Get Scared by a Fangirl,TheEllenShow,18.29.05,3531124,181190,20120,5.13,1.63,3.68,5.64,true
D_CZ8v9uZJY,FULL FACE OF MAKEUP IM THROWING OUT 2018,Laura Lee,18.17.05,1179451,56241,101591,4.77,1.63,2.28,2.49,true
kfOeQj7HsCE,Chris Evans opens up about 'Avengers: Infinity War',Good Morning America,18.27.04,1040314,19220,3254,1.85,1.63,1.74,2.01,true
zYlW81GZYug,When Your BF Acts Different Around His Friends (ft. The Rock),IISuperwomanII,17.13.12,3112225,232742,10851,7.48,1.62,2.21,0.21,true
ESyJop31cmY,The Broccoli Tree: A Parable,vlogbrothers,18.14.03,338407,30724,2135,9.08,1.62,2.08,0.58,true
bc5BnTYRgx8,$10 Vegan vs. $135 Vegan,BuzzFeedVideo,18.07.04,4787793,116418,16879,2.43,1.62,1.89,2.39,true
DfxhWPvhFCQ,Iggy Azalea Burned Nick Young's Designer Clothes | WWHL,Watch What Happens Live with Andy Cohen,18.24.03,556251,5033,1863,0.9,1.62,3.75,2.78,true
7cqYiUmutGI,Pizza | Basics with Babish,Binging with Babish,18.13.02,1602408,53906,3591,3.36,1.62,2.55,1.0,true
3uGIEY7tdg8,Suspiria - Teaser Trailer | Amazon Studios,Amazon Studios,18.10.06,2077018,14577,1860,0.7,1.61,2.06,2.06,true
lYEj9snU838,"Boy speaks out on viral bullying video, mom addresses backlash",CBS This Morning,17.19.12,1363711,9025,9513,0.66,1.61,1.55,2.95,true
CxGUmtRLm5g,Budweiser 2018 Super Bowl Commercial | “Stand By You”,Budweiser,18.02.02,9293828,20467,3240,0.22,1.61,2.15,1.91,true
ys6KVWA4okw,Will It Slip-N-Slide? (EXPERIMENT),Good Mythical Morning,18.04.06,1813877,48557,6894,2.68,1.61,2.56,2.49,true
PaYvlVR_BEc,Janelle Monáe - PYNK [Official Video],Janelle Monáe,18.15.04,3614902,96289,11279,2.66,1.61,1.43,2.28,true
DhEjpq88wGw,Fifth Harmony’s Normani Kordei Performs 'Bootylicious' by Destiny's Child  | Lip Sync Battle Preview,Lip Sync Battle,18.03.02,585674,10839,710,1.85,1.61,2.56,2.08,true
D_CZ8v9uZJY,FULL FACE OF MAKEUP IM THROWING OUT 2018,Laura Lee,18.16.05,1172681,56080,101511,4.78,1.6,2.26,2.48,true
TaVvm0r_gho,Everything Wrong With Bee Movie In 15 Minutes Or Less,CinemaSins,18.12.01,3638866,95251,19029,2.62,1.6,2.36,3.11,true
Qofj8MKO6mk,Frozen The Broadway Musical's Caissie Levy Performs 'Let It Go',The View,18.12.06,660857,10193,1009,1.54,1.6,2.39,-0.24,true
Q1TXk7ZdiQE,"Zlatan Ibrahimović on Playing for LA Galaxy, His Nicknames & The World Cup",Jimmy Kimmel Live,18.19.04,3996753,123960,13481,3.1,1.6,3.14,2.12,true
l4bAoNAx2uo,American Things Europeans Find Weird,The Infographics Show,17.20.11,877102,15480,7843,1.76,1.59,1.32,3.33,true
VllA1V5M38E,Republicans Praise Trump; Trump Claims He Repealed Obamacare: A Closer Look,Late Night with Seth Meyers,18.03.01,2206241,22393,5237,1.01,1.59,1.25,2.48,true
vRWH9GQ2J90,100 LAYERS OF DEEP FRIED PIZZA 🍕CHALLENGE!!!,HellthyJunkFood,18.11.06,1034435,20184,4255,1.95,1.59,1.57,2.81,true
CXK3OiDgymo,Behind the Scenes at the Victoria's Secret Fashion Show | Vlog | Karlie Kloss,Klossy,17.04.12,732629,26235,804,3.58,1.59,2.41,2.22,true
Jodbdj52Vc0,Shawn Mendes Carpool Karaoke -- #LateLateShawn,The Late Late Show with James Corden,18.06.06,5435098,424752,23070,7.81,1.59,4.39,3.48,true
_JhaVNJb3ag,Heart-Wrenching Video: Starving Polar Bear on Iceless Land | National Geographic,National Geographic,17.18.12,792814,12441,5493,1.57,1.59,1.1,2.74,true
OdJh_Q5XY4U,"MAYWEATHER REVEALS COMEBACK OFFER, FIGHTING IN UFC; POPPIN MAD SH*T: THERE'S ONLY ONE GOAT...ME",FightHype.com,17.17.12,278376,2321,2745,0.83,1.58,1.97,2.07,true
0ycLaWymtKk,Merry Christmas in Dominoes! 🎅🏻 (Christmas Card),Hevesh5,17.29.12,2688985,35297,1996,1.31,1.58,2.01,1.07,true
S9KxqRUcnCU,Boomerang Trick Shots | Dude Perfect,Dude Perfect,18.03.04,20946564,818927,35561,3.91,1.57,2.05,0.61,true
JDmse8M-3-Y,teens react to nothing.,FBE,18.06.04,3590605,172107,24894,4.79,1.57,3.07,1.58,true
D_CZ8v9uZJY,FULL FACE OF MAKEUP IM THROWING OUT 2018,Laura Lee,18.14.05,1161098,55855,101328,4.81,1.56,2.24,2.48,true
CY8E6N5Nzec,Marshmello & Anne-Marie - FRIENDS (Lyric Video) *OFFICIAL FRIENDZONE ANTHEM*,Marshmello,18.17.02,13463936,558742,28096,4.15,1.56,2.18,0.34,true
lYEj9snU838,"Boy speaks out on viral bullying video, mom addresses backlash",CBS This Morning,17.18.12,1332678,8897,9332,0.67,1.56,1.52,2.89,true
NWOz3OZ6J9M,Men arrested at Starbucks speak out,ABC News,18.26.04,1175000,13509,28175,1.15,1.56,2.06,2.37,true
n-H6zIeMiUs,Watch what Whipped Cream Does in a Vacuum Chamber,The King of Random,18.09.03,1387753,18588,6527,1.34,1.56,0.49,2.06,true
ys6KVWA4okw,Will It Slip-N-Slide? (EXPERIMENT),Good Mythical Morning,18.03.06,1785629,48204,6885,2.7,1.56,2.53,2.48,true
TdyllLZeviY,Charlie Puth - Done For Me (feat. Kehlani) [Official Video],Charlie Puth,18.30.04,9317044,381367,17376,4.09,1.55,2.61,2.05,true
bc5BnTYRgx8,$10 Vegan vs. $135 Vegan,BuzzFeedVideo,18.06.04,4668917,114781,16654,2.46,1.55,1.85,2.34,true
QBOzHhuTzvw,"Full Actresses Roundtable: Saoirse Ronan, Jennifer Lawrence, Mary J Blige | Close Up With THR",The Hollywood Reporter,18.12.02,208300,3959,1119,1.9,1.55,2.03,2.01,true
vRWH9GQ2J90,100 LAYERS OF DEEP FRIED PIZZA 🍕CHALLENGE!!!,HellthyJunkFood,18.10.06,1018694,20046,4249,1.97,1.55,1.55,2.8,true
paxgKBUK4wQ,Honest Trailers - Star Wars: The Last Jedi,Screen Junkies,18.04.04,3085206,78801,18457,2.55,1.54,1.42,3.45,true
6Km34EXxGZ4,I React to Mean Comments,TheReportOfTheWeek,18.21.03,2014328,110562,25098,5.49,1.54,2.01,1.96,true
7cqYiUmutGI,Pizza | Basics with Babish,Binging with Babish,18.12.02,1573183,53121,3581,3.38,1.53,2.45,0.99,true
VllA1V5M38E,Republicans Praise Trump; Trump Claims He Repealed Obamacare: A Closer Look,Late Night with Seth Meyers,18.02.01,2164912,22231,5217,1.03,1.53,1.23,2.46,true
D_CZ8v9uZJY,FULL FACE OF MAKEUP IM THROWING OUT 2018,Laura Lee,18.13.05,1151425,55617,101179,4.83,1.52,2.21,2.47,true
4kDklB6-69Q,Poo Bear ft. Justin Bieber & Jay Electronica - Hard 2 Face Reality (Lyric Video),Hannah Stocking,18.14.04,13940050,571215,48919,4.1,1.52,2.14,2.38,true
k5wc9V7ggVg,Adam Ruins Everything - The Misleading Story of the Cuban Missile Crisis | truTV,truTV,18.07.04,693408,10857,2183,1.57,1.52,1.64,2.67,true
rN7UMUQorRk,DAD TEACHES GAY SON HOW TO SHOOT *emotional*,Lucas,18.09.01,387165,9737,4838,2.51,1.52,-0.64,2.32,true
jwkNAJBwoEA,The Friend Zone | Anwar Jibawi,Anwar Jibawi,18.24.01,2464664,103938,7631,4.22,1.52,1.77,2.13,true
VRJmcxCrAOA,Real Life Trick Shots 2 | Dude Perfect,Dude Perfect,18.26.01,20761480,871930,43026,4.2,1.52,2.35,1.54,true
kxMC7g_sKjw,Jim Carrey Crashes Jeff Daniels' CONAN Interview  - CONAN on TBS,Team Coco,18.20.04,2775945,36063,3255,1.3,1.51,0.58,2.05,true
2VggEmXPnGw,The Most Famous Actor You’ve Never Seen,Great Big Story,18.11.03,1069014,32976,1199,3.08,1.5,2.2,0.18,true
4AtOU0dDXv8,Shooting survivor confronts NRA spokesperson Dana Loesch,CNN,18.24.02,2036792,29446,38936,1.45,1.5,1.51,2.74,true
VllA1V5M38E,Republicans Praise Trump; Trump Claims He Repealed Obamacare: A Closer Look,Late Night with Seth Meyers,18.01.01,2138143,22135,5201,1.04,1.5,1.22,2.45,true
MidgYgFwgTI,Blind Ice Cream Taste Test,Good Mythical Morning,18.08.06,1757335,41561,6681,2.37,1.5,1.93,2.36,true
pMpQABKlC-I,How To Speak Internet 101 (ft. Will Smith),IISuperwomanII,17.26.12,3010527,200326,22076,6.65,1.5,1.55,2.41,true
V0HCZ4YGqbw,La de da de da de da de day oh,bill wurtz,18.21.01,2808784,273721,30684,9.75,1.49,2.03,2.02,true
vorkmWa7He8,We Stole Tampons from the Cashier-less Amazon Go Store,Linus Tech Tips,18.03.02,2900057,81225,19533,2.8,1.49,1.01,3.02,true
ys6KVWA4okw,Will It Slip-N-Slide? (EXPERIMENT),Good Mythical Morning,18.02.06,1747833,47602,6849,2.72,1.49,2.48,2.46,true
k2NskGo6x40,Danielle Bregoli Rejects Logan Paul's Apologies Over Suicide/Hanging Video | TMZ,TMZ,18.05.01,3792093,82196,27341,2.17,1.49,1.99,2.38,true
QLFRGj-PPNI,Tom Cruise Reacts to Slow-Mo Footage of How He Broke His Ankle | The Graham Norton Show,The Graham Norton Show,18.31.01,2909763,29924,2429,1.03,1.49,0.96,2.11,true
mF6vwuGWQZU,Beef Pirozhki - Food Wishes - Russian Meat Donuts,Food Wishes,18.10.03,297458,10475,1686,3.52,1.48,2.2,2.59,true
lYEj9snU838,"Boy speaks out on viral bullying video, mom addresses backlash",CBS This Morning,17.17.12,1290704,8731,9238,0.68,1.48,1.47,2.85,true
zYlW81GZYug,When Your BF Acts Different Around His Friends (ft. The Rock),IISuperwomanII,17.12.12,2993589,227045,10679,7.58,1.48,2.09,0.17,true
fAIX12F6958,Bumblebee (2018) - Official Teaser Trailer - Paramount Pictures,Paramount Pictures,18.14.06,19864779,228670,46318,1.15,1.47,1.32,2.47,true
iXcqpJQD5II,GET READY WITH ME | Latte Palette Reveal!,Christen Dominique,18.23.01,514571,49834,10456,9.68,1.47,2.65,2.49,true
VllA1V5M38E,Republicans Praise Trump; Trump Claims He Repealed Obamacare: A Closer Look,Late Night with Seth Meyers,17.31.12,2115210,22051,5151,1.04,1.47,1.21,2.42,true
3S6HQGHqQa0,I spent a day with FLAT EARTH believers,AnthonyPadilla,18.09.02,421387,19626,5284,4.66,1.47,0.1,2.22,true
VhI2EpAIcm4,$10 Cheesesteak Vs. $120 Cheesesteak,BuzzFeedVideo,18.03.06,4502927,93385,16332,2.07,1.46,1.29,2.28,true
uJNKApY1Gys,the CASEY NEISTAT shoutout,Sara Dietschy,17.20.12,69988,3477,448,4.97,1.46,2.01,-0.39,true
DfxhWPvhFCQ,Iggy Azalea Burned Nick Young's Designer Clothes | WWHL,Watch What Happens Live with Andy Cohen,18.23.03,524022,4630,1793,0.88,1.46,3.36,2.65,true
D_CZ8v9uZJY,FULL FACE OF MAKEUP IM THROWING OUT 2018,Laura Lee,18.12.05,1135762,55249,100944,4.86,1.46,2.18,2.47,true
paxgKBUK4wQ,Honest Trailers - Star Wars: The Last Jedi,Screen Junkies,18.03.04,3017482,77513,18164,2.57,1.46,1.36,3.36,true
8uvIPHtKoQQ,Is The Last Jedi the Most Divisive Star Wars Movie Ever? (SPOILERS) - SJU,ScreenJunkies News,17.22.12,89138,2501,2047,2.81,1.45,1.96,2.29,true
bc5BnTYRgx8,$10 Vegan vs. $135 Vegan,BuzzFeedVideo,18.05.04,4489200,112278,16234,2.5,1.45,1.78,2.26,true
k5TqNsr6YuQ,Troye Sivan - My My My!,TroyeSivanVEVO,18.17.01,7638296,486659,39115,6.37,1.45,2.34,2.36,true
Qofj8MKO6mk,Frozen The Broadway Musical's Caissie Levy Performs 'Let It Go',The View,18.11.06,629707,9806,968,1.56,1.45,2.26,-0.3,true
_JhaVNJb3ag,Heart-Wrenching Video: Starving Polar Bear on Iceless Land | National Geographic,National Geographic,17.17.12,754747,12178,5395,1.61,1.45,1.05,2.68,true
fAIX12F6958,Bumblebee (2018) - Official Teaser Trailer - Paramount Pictures,Paramount Pictures,18.13.06,19643010,227103,45865,1.16,1.44,1.3,2.44,true
2VggEmXPnGw,The Most Famous Actor You’ve Never Seen,Great Big Story,18.10.03,1045249,32297,1163,3.09,1.44,2.13,0.15,true
y8lFgF_IjPw,Eighth Grade | Official Trailer HD | A24,A24,18.22.03,1865136,39025,7258,2.09,1.44,2.51,2.7,true
n-H6zIeMiUs,Watch what Whipped Cream Does in a Vacuum Chamber,The King of Random,18.08.03,1347875,18262,6446,1.35,1.44,0.44,2.0,true
N7HFXgyTya0,My Dinosaur Is a Service Animal (with Chris Pratt and Bryce Dallas Howard!),CollegeHumor,18.23.05,1639968,74037,3465,4.51,1.43,3.2,0.41,true
HBvPrh2yMik,DIY DOUBLE DEEP FRIED PIZZA 🍕,HellthyJunkFood,18.06.05,978124,28223,3098,2.89,1.43,3.1,1.48,true
vRWH9GQ2J90,100 LAYERS OF DEEP FRIED PIZZA 🍕CHALLENGE!!!,HellthyJunkFood,18.09.06,977202,19558,4094,2.0,1.43,1.45,2.63,true
sk-DFZh1G1w,NEWBORN PETS AND A NEW APARTMENT,Taylor Nicole Dean,17.07.12,697581,41328,16325,5.92,1.43,1.3,2.04,true
JDmse8M-3-Y,teens react to nothing.,FBE,18.05.04,3448518,167015,24493,4.84,1.42,2.93,1.53,true
CXK3OiDgymo,Behind the Scenes at the Victoria's Secret Fashion Show | Vlog | Karlie Kloss,Klossy,17.03.12,694338,25486,808,3.67,1.42,2.28,2.25,true
D_CZ8v9uZJY,FULL FACE OF MAKEUP IM THROWING OUT 2018,Laura Lee,18.11.05,1122843,54993,100726,4.9,1.42,2.15,2.46,true
VllA1V5M38E,Republicans Praise Trump; Trump Claims He Repealed Obamacare: A Closer Look,Late Night with Seth Meyers,17.30.12,2077170,21920,5116,1.06,1.42,1.19,2.4,true
JpvC3j9Qxus,Mo'Nique Speaks On Racial And Gender Inequality In Hollywood + More,Breakfast Club Power 105.1 FM,18.25.02,1747075,28340,44864,1.62,1.42,1.62,2.45,true
2QHltvwTjSk,New York City Police Confirm Explosion In Port Authority | CNBC,CNBC,17.12.12,279001,1104,1475,0.4,1.41,0.83,2.14,true
sfweKCYOPFc,7 Things You've Been Using Wrong Your Whole Life,BuzzFeed Nifty,17.30.11,295048,2338,499,0.79,1.41,-0.12,3.02,true
CP6aYDssDSE,Eating BRUNCH at Taiwan 7-ELEVEN,Strictly Dumpling,18.23.02,1645768,32863,5714,2.0,1.4,1.4,2.06,true
fAIX12F6958,Bumblebee (2018) - Official Teaser Trailer - Paramount Pictures,Paramount Pictures,18.12.06,19379243,225272,45526,1.16,1.4,1.28,2.41,true
VhI2EpAIcm4,$10 Cheesesteak Vs. $120 Cheesesteak,BuzzFeedVideo,18.02.06,4390807,92031,16104,2.1,1.4,1.26,2.24,true
FhllRWReNEE,Melting Every Lipstick From Sephora Together,Safiya Nygaard,18.17.04,5534178,335948,349112,6.07,1.39,2.35,4.13,true
ys6KVWA4okw,Will It Slip-N-Slide? (EXPERIMENT),Good Mythical Morning,18.01.06,1694648,46641,6779,2.75,1.39,2.39,2.42,true
2VggEmXPnGw,The Most Famous Actor You’ve Never Seen,Great Big Story,18.09.03,1021181,31687,1167,3.1,1.39,2.07,0.16,true
OdJh_Q5XY4U,"MAYWEATHER REVEALS COMEBACK OFFER, FIGHTING IN UFC; POPPIN MAD SH*T: THERE'S ONLY ONE GOAT...ME",FightHype.com,17.16.12,261765,2254,2704,0.86,1.38,1.88,2.02,true
GxmDeU_4UlQ,Why Does Vladimir Putin Walk So Weird?,Today I Found Out,18.17.01,1300470,23635,4502,1.82,1.38,0.86,2.07,true
GKbjOWPbBwk,Chihuahua Won’t Leave Owner’s Gravesite,Inside Edition,18.16.01,927445,30285,3317,3.27,1.38,3.71,3.08,true
ESyJop31cmY,The Broccoli Tree: A Parable,vlogbrothers,18.13.03,323340,30263,2114,9.36,1.38,2.01,0.55,true
sjVqDg32_8s,Westworld Season 2 | Official Trailer | HBO,HBO,18.02.04,6749073,49818,4694,0.74,1.38,2.07,1.04,true
h5XzGyjEkkc,Dog Cries Every Time He's Touched — Until He Meets This Woman | The Dodo,The Dodo,17.02.12,2609695,56914,7514,2.18,1.37,0.91,2.09,true
sfweKCYOPFc,7 Things You've Been Using Wrong Your Whole Life,BuzzFeed Nifty,17.29.11,289814,2309,499,0.8,1.37,-0.13,3.02,true
5LoBGoQPUNc,Jennifer Lawrence Takes a Lie Detector Test | Vanity Fair,Vanity Fair,18.03.03,3081500,72995,6399,2.37,1.37,1.36,2.05,true
lYEj9snU838,"Boy speaks out on viral bullying video, mom addresses backlash",CBS This Morning,17.16.12,1226508,8434,9086,0.69,1.37,1.4,2.79,true
t5Lz14wu1uw,ready player one,ProZD,17.16.12,2134298,72270,5374,3.39,1.37,0.45,2.17,true
o3T_o4WM-n8,A Crushing Valentine's Day,Studio C,18.19.02,626684,21085,2919,3.36,1.37,2.56,2.22,true
N7HFXgyTya0,My Dinosaur Is a Service Animal (with Chris Pratt and Bryce Dallas Howard!),CollegeHumor,18.22.05,1608662,73175,3443,4.55,1.37,3.14,0.4,true
TaVvm0r_gho,Everything Wrong With Bee Movie In 15 Minutes Or Less,CinemaSins,18.09.01,3406481,92356,18519,2.71,1.37,2.22,2.98,true
paxgKBUK4wQ,Honest Trailers - Star Wars: The Last Jedi,Screen Junkies,18.02.04,2939463,76463,17911,2.6,1.37,1.31,3.29,true
jyNFL5t2A-U,Watch Courtroom Erupt In Applause After Larry Nassar Sentencing | MSNBC,MSNBC,18.29.01,250056,2429,923,0.97,1.36,2.29,-0.14,true
2Vv-BfVoq4g,Ed Sheeran - Perfect (Official Music Video),Ed Sheeran,17.16.11,43449654,1788960,93428,4.12,1.36,1.96,2.05,true
Qofj8MKO6mk,Frozen The Broadway Musical's Caissie Levy Performs 'Let It Go',The View,18.10.06,612862,9649,958,1.57,1.36,2.2,-0.32,true
TOdGYZ20oSc,I made him fabulous! | Best Friend Makeover Challenge with boyinaband,Glam&Gore,17.20.12,514711,38431,3362,7.47,1.35,0.95,2.47,true
VllA1V5M38E,Republicans Praise Trump; Trump Claims He Repealed Obamacare: A Closer Look,Late Night with Seth Meyers,17.29.12,2027586,21709,5069,1.07,1.35,1.17,2.37,true
k5wc9V7ggVg,Adam Ruins Everything - The Misleading Story of the Cuban Missile Crisis | truTV,truTV,18.06.04,661671,10560,2139,1.6,1.35,1.54,2.58,true
_JhaVNJb3ag,Heart-Wrenching Video: Starving Polar Bear on Iceless Land | National Geographic,National Geographic,17.16.12,724403,11835,5239,1.63,1.34,0.98,2.58,true
wzKL-bQKcgA,Anitta & J Balvin - Downtown (Official Lyric Video) ft. Lele Pons & Juanpa Zurita,Lele Pons,17.17.12,9568171,648029,38870,6.77,1.34,2.49,2.85,true
IBVo8dfqTBc,Rey Mysterio makes a shocking return in the Royal Rumble Match: Royal Rumble 2018 (WWE Network),WWE,18.30.01,5799849,125915,16056,2.17,1.34,2.66,2.42,true
fAIX12F6958,Bumblebee (2018) - Official Teaser Trailer - Paramount Pictures,Paramount Pictures,18.11.06,18968433,222572,45012,1.17,1.34,1.25,2.37,true
D_CZ8v9uZJY,FULL FACE OF MAKEUP IM THROWING OUT 2018,Laura Lee,18.10.05,1102935,54609,100471,4.95,1.34,2.11,2.45,true
3g5O-kT9m8k,$1000 Survival Kit in a Case,CrazyRussianHacker,18.21.05,1649128,63594,2922,3.86,1.34,2.95,-0.35,true
jyNFL5t2A-U,Watch Courtroom Erupt In Applause After Larry Nassar Sentencing | MSNBC,MSNBC,18.28.01,248015,2418,923,0.97,1.34,2.27,-0.14,true
HBvPrh2yMik,DIY DOUBLE DEEP FRIED PIZZA 🍕,HellthyJunkFood,18.05.05,947320,27677,3063,2.92,1.34,3.0,1.44,true
O92pekaban8,13 Reasons Why: Season 2 | Date Announcement [HD] | Netflix,Netflix,18.02.05,2670485,117768,10920,4.41,1.33,2.57,2.64,true
VhI2EpAIcm4,$10 Cheesesteak Vs. $120 Cheesesteak,BuzzFeedVideo,18.01.06,4267127,90543,15795,2.12,1.33,1.22,2.17,true
8LPVjHxXvJM,Jimmy Interviews Cardi B,The Tonight Show Starring Jimmy Fallon,17.22.12,3614310,104765,13379,2.9,1.33,1.43,3.79,true
y8lFgF_IjPw,Eighth Grade | Official Trailer HD | A24,A24,18.21.03,1797044,38260,7085,2.13,1.33,2.44,2.61,true
2VggEmXPnGw,The Most Famous Actor You’ve Never Seen,Great Big Story,18.08.03,994843,31111,1108,3.13,1.32,2.01,0.11,true
vRWH9GQ2J90,100 LAYERS OF DEEP FRIED PIZZA 🍕CHALLENGE!!!,HellthyJunkFood,18.08.06,938611,19178,3946,2.04,1.32,1.38,2.46,true
vorkmWa7He8,We Stole Tampons from the Cashier-less Amazon Go Store,Linus Tech Tips,18.02.02,2759913,78367,19047,2.84,1.32,0.91,2.91,true
MidgYgFwgTI,Blind Ice Cream Taste Test,Good Mythical Morning,18.07.06,1659964,40106,6451,2.42,1.32,1.79,2.23,true
f6Egj7ncOi8,FULL FACE USING ONLY MY MOM'S MAKEUP Challenge | NikkieTutorials,NikkieTutorials,18.01.01,3167291,291546,129798,9.2,1.31,2.54,2.9,true
jwkNAJBwoEA,The Friend Zone | Anwar Jibawi,Anwar Jibawi,18.23.01,2365584,101838,7535,4.3,1.31,1.66,2.07,true
SqNlLDeZcSc,Alison Wonderland - Easy,AlisonWonderlandVEVO,18.14.05,320276,9538,464,2.98,1.31,1.21,2.12,true
izwomieBwG0,How a Sick Chimp Led to a Global Pandemic: The Rise of HIV,SciShow,17.07.12,462063,19654,1722,4.25,1.31,2.23,0.66,true
fAIX12F6958,Bumblebee (2018) - Official Teaser Trailer - Paramount Pictures,Paramount Pictures,18.10.06,18754010,221056,44801,1.18,1.31,1.23,2.36,true
Qx54quy9tDQ,Macaulay Culkin Responds to Home Alone Conspiracy Theories,The Tonight Show Starring Jimmy Fallon,18.05.03,3576883,59206,8872,1.66,1.3,0.56,2.29,true
NWOz3OZ6J9M,Men arrested at Starbucks speak out,ABC News,18.25.04,1058421,12469,26477,1.18,1.3,1.84,2.19,true
7cqYiUmutGI,Pizza | Basics with Babish,Binging with Babish,18.11.02,1497477,51607,3492,3.45,1.29,2.26,0.88,true
N7HFXgyTya0,My Dinosaur Is a Service Animal (with Chris Pratt and Bryce Dallas Howard!),CollegeHumor,18.21.05,1571170,72337,3420,4.6,1.29,3.07,0.39,true
M3W0ELaAOIg,MY THOUGHTS ABOUT MAKING THE FORBES LIST,SuperwomanVlogs,18.12.01,298003,15863,1446,5.32,1.29,0.82,2.15,true
QLFRGj-PPNI,Tom Cruise Reacts to Slow-Mo Footage of How He Broke His Ankle | The Graham Norton Show,The Graham Norton Show,18.30.01,2706950,28693,2413,1.06,1.28,0.85,2.09,true
bc5BnTYRgx8,$10 Vegan vs. $135 Vegan,BuzzFeedVideo,18.04.04,4187294,107853,15211,2.58,1.28,1.67,2.06,true
PaYvlVR_BEc,Janelle Monáe - PYNK [Official Video],Janelle Monáe,18.14.04,3212650,89412,10537,2.78,1.28,1.22,2.05,true
ys6KVWA4okw,Will It Slip-N-Slide? (EXPERIMENT),Good Mythical Morning,18.31.05,1635751,45977,6749,2.81,1.27,2.33,2.4,true
FFsp5b4AUTE,"Roman Reigns is brutally ambushed by Brock Lesnar: Raw, March 19, 2018",WWE,18.21.03,5635250,73399,17122,1.3,1.27,0.98,2.66,true
paxgKBUK4wQ,Honest Trailers - Star Wars: The Last Jedi,Screen Junkies,18.01.04,2849838,75234,17694,2.64,1.27,1.25,3.23,true
eACohWVwTOc,The Chainsmokers - Sick Boy,ChainsmokersVEVO,18.24.01,14162537,523176,27826,3.69,1.27,2.01,1.98,true
VhI2EpAIcm4,$10 Cheesesteak Vs. $120 Cheesesteak,BuzzFeedVideo,18.31.05,4162077,89469,15610,2.15,1.27,1.19,2.14,true
D_CZ8v9uZJY,FULL FACE OF MAKEUP IM THROWING OUT 2018,Laura Lee,18.09.05,1081075,54096,100166,5.0,1.26,2.05,2.44,true
VllA1V5M38E,Republicans Praise Trump; Trump Claims He Repealed Obamacare: A Closer Look,Late Night with Seth Meyers,17.28.12,1956890,21359,4936,1.09,1.26,1.13,2.28,true
TgA2y-Bgi3c,The Mystery That Keeps Neil deGrasse Tyson Up At Night,The Late Show with Stephen Colbert,18.09.01,1257354,25617,3257,2.04,1.26,2.69,1.38,true
uA8GdJJqz_s,Physicist Stephen Hawking has died,CNN,18.15.03,1837423,36908,20814,2.01,1.26,2.07,1.08,true
TaVvm0r_gho,Everything Wrong With Bee Movie In 15 Minutes Or Less,CinemaSins,18.08.01,3279622,90666,18135,2.76,1.25,2.14,2.88,true
jyNFL5t2A-U,Watch Courtroom Erupt In Applause After Larry Nassar Sentencing | MSNBC,MSNBC,18.27.01,239728,2381,1278,0.99,1.25,2.21,0.31,true
cSp1dM2Vj48,READY PLAYER ONE - Official Trailer 1 [HD],Warner Bros. Pictures,17.13.12,9523267,154281,29706,1.62,1.25,2.6,2.88,true
HDx7dI1D1zE,What's in my Peely Bag? (Re-creating 5 of my nail peelies) / 2017 year-in-review,Simply Nailogical,18.07.01,2792376,168973,18940,6.05,1.24,2.06,0.97,true
iXcqpJQD5II,GET READY WITH ME | Latte Palette Reveal!,Christen Dominique,18.22.01,497321,48827,10283,9.82,1.24,2.54,2.43,true
0r-zYs6NQu8,What If You Didn't Sleep For A Week? ft. TheOdd1sOut,Life Noggin,18.21.03,946592,45703,12917,4.83,1.24,2.6,2.8,true
CXK3OiDgymo,Behind the Scenes at the Victoria's Secret Fashion Show | Vlog | Karlie Kloss,Klossy,17.02.12,655758,24587,775,3.75,1.24,2.13,2.03,true
izwomieBwG0,How a Sick Chimp Led to a Global Pandemic: The Rise of HIV,SciShow,17.06.12,452251,19424,1697,4.29,1.24,2.18,0.63,true
q8DkyFH9jXI,Stephen A.: 'I'd be shocked' if Cavaliers win more than one game vs. Warriors | SportsCenter | ESPN,ESPN,18.31.05,998227,7743,6247,0.78,1.24,0.83,2.12,true
l4bAoNAx2uo,American Things Europeans Find Weird,The Infographics Show,17.19.11,804735,14588,7459,1.81,1.23,1.02,3.12,true
_JhaVNJb3ag,Heart-Wrenching Video: Starving Polar Bear on Iceless Land | National Geographic,National Geographic,17.15.12,691217,11522,5111,1.67,1.23,0.92,2.5,true
lYEj9snU838,"Boy speaks out on viral bullying video, mom addresses backlash",CBS This Morning,17.15.12,1148423,7998,12390,0.7,1.23,1.28,4.03,true
TOdGYZ20oSc,I made him fabulous! | Best Friend Makeover Challenge with boyinaband,Glam&Gore,17.19.12,502697,37722,3280,7.5,1.23,0.88,2.36,true
HBvPrh2yMik,DIY DOUBLE DEEP FRIED PIZZA 🍕,HellthyJunkFood,18.04.05,905243,26971,3016,2.98,1.22,2.86,1.39,true
y8lFgF_IjPw,Eighth Grade | Official Trailer HD | A24,A24,18.20.03,1720495,37143,6847,2.16,1.22,2.32,2.5,true
vn9mMeWcgoM,Jurassic World: Fallen Kingdom - Official Trailer [HD],Universal Pictures,17.09.12,18184886,399200,58902,2.2,1.22,2.1,2.78,true
vqX6fkty-WQ,FLOSSING EACH OTHER with Grace Helbig & Mamrie Hart,This Might Get,18.17.03,161101,18308,927,11.36,1.22,1.2,2.42,true
TdyllLZeviY,Charlie Puth - Done For Me (feat. Kehlani) [Official Video],Charlie Puth,18.29.04,8255968,369876,17183,4.48,1.22,2.48,2.01,true
9sRQQRiltrE,BTS Get Scared by a Fangirl,TheEllenShow,18.28.05,2971874,165834,18491,5.58,1.22,3.3,5.14,true
k5TqNsr6YuQ,Troye Sivan - My My My!,TroyeSivanVEVO,18.16.01,6934627,472947,38446,6.82,1.21,2.23,2.3,true
6_-b3U9QDKg,Helping the Police Find a Gun Underwater to Solve a Criminal Case! (Metal Detecting Underwater),DALLMYD,18.17.04,2070910,52003,4834,2.51,1.21,1.12,2.41,true
k1xvol1SCx8,"Dua Lipa - IDGAF ft. Charli XCX, Zara Larsson, MØ, Alma, in the Live Lounge",BBC Radio 1,18.23.02,2559730,139744,4861,5.46,1.2,2.56,0.9,true
3g5O-kT9m8k,$1000 Survival Kit in a Case,CrazyRussianHacker,18.20.05,1588801,62036,2842,3.9,1.2,2.83,-0.4,true
vb9zbSGZ8GQ,Team USA Dances Into Olympics ‘Gangnam Style’,Inside Edition,18.13.02,858438,6719,3221,0.78,1.19,-0.06,2.94,true
qNNcSwZAPSE,The Voice 2018 Blind Audition - Terrence Cunningham: My Girl,The Voice,18.11.03,2101562,33303,2467,1.58,1.18,2.06,0.43,true
JDmse8M-3-Y,teens react to nothing.,FBE,18.04.04,3209252,158364,23433,4.93,1.18,2.69,1.4,true
N7HFXgyTya0,My Dinosaur Is a Service Animal (with Chris Pratt and Bryce Dallas Howard!),CollegeHumor,18.20.05,1512971,71141,3406,4.7,1.18,2.98,0.38,true
o3T_o4WM-n8,A Crushing Valentine's Day,Studio C,18.18.02,606500,20859,2906,3.44,1.17,2.48,2.2,true
itE8Cd85-QM,Donald Glover Meets The Girl Scout Who Went Viral With 'Redbone',The Late Show with Stephen Colbert,18.03.03,1213178,22875,1451,1.89,1.17,2.27,0.19,true
DfxhWPvhFCQ,Iggy Azalea Burned Nick Young's Designer Clothes | WWHL,Watch What Happens Live with Andy Cohen,18.22.03,466256,4042,1611,0.87,1.17,2.79,2.32,true
VllA1V5M38E,Republicans Praise Trump; Trump Claims He Repealed Obamacare: A Closer Look,Late Night with Seth Meyers,17.27.12,1876046,20891,4840,1.11,1.16,1.08,2.22,true
3S6HQGHqQa0,I spent a day with FLAT EARTH believers,AnthonyPadilla,18.08.02,385955,19056,5321,4.94,1.16,0.0,2.24,true
sfweKCYOPFc,7 Things You've Been Using Wrong Your Whole Life,BuzzFeed Nifty,17.28.11,265774,2209,494,0.83,1.16,-0.18,2.98,true
vorkmWa7He8,We Stole Tampons from the Cashier-less Amazon Go Store,Linus Tech Tips,18.01.02,2610992,74893,18687,2.87,1.15,0.78,2.82,true
AJUiQU8-w8E,Which is Worse For You: Sugar or Fat?,SciShow,18.12.06,439441,14269,2874,3.25,1.15,1.05,2.09,true
D_CZ8v9uZJY,FULL FACE OF MAKEUP IM THROWING OUT 2018,Laura Lee,18.08.05,1050539,53443,99467,5.09,1.15,1.98,2.42,true
fAIX12F6958,Bumblebee (2018) - Official Teaser Trailer - Paramount Pictures,Paramount Pictures,18.09.06,17741854,211522,43359,1.19,1.15,1.12,2.25,true
x4TZEVqKIvs,Film Theory: Disney LIED to You! (High School Musical),The Film Theorists,18.08.01,5986604,192698,25712,3.22,1.14,2.58,0.78,true
ShZ978fBl6Y,Calum Scott - You Are The Reason (Official),CalumScottVEVO,18.12.01,7055170,291884,9221,4.14,1.14,3.58,3.2,true
MFWF9dU5Zc0,OCEAN'S 8 - Official 1st Trailer,Warner Bros. Pictures,17.26.12,9039407,89974,30516,1.0,1.13,1.14,2.98,true
AJUiQU8-w8E,Which is Worse For You: Sugar or Fat?,SciShow,18.11.06,436534,14186,2864,3.25,1.13,1.03,2.07,true
izwomieBwG0,How a Sick Chimp Led to a Global Pandemic: The Rise of HIV,SciShow,17.05.12,436683,19041,1693,4.36,1.13,2.1,0.63,true
C54cHGCwBdk,Biles. Is. Back.,USA Gymnastics,18.15.05,603868,15155,783,2.51,1.13,1.03,2.03,true
paxgKBUK4wQ,Honest Trailers - Star Wars: The Last Jedi,Screen Junkies,18.31.03,2730157,73517,17271,2.69,1.13,1.17,3.11,true
Qofj8MKO6mk,Frozen The Broadway Musical's Caissie Levy Performs 'Let It Go',The View,18.09.06,568102,9226,934,1.62,1.13,2.06,-0.35,true
AJUiQU8-w8E,Which is Worse For You: Sugar or Fat?,SciShow,18.10.06,434947,14126,2857,3.25,1.12,1.02,2.07,true
r2vpDWS5ky4,I GRADUATED FOR FREE! DOLLAR STORE WITH LIZA PART 3!,Liza Koshy,18.09.01,5613554,452265,24206,8.06,1.12,0.88,2.72,true
vRWH9GQ2J90,100 LAYERS OF DEEP FRIED PIZZA 🍕CHALLENGE!!!,HellthyJunkFood,18.07.06,866702,18408,3747,2.12,1.11,1.24,2.23,true
SuHVvSsNY2E,Instant classic: Relive UMBC’s incredible win over Virginia in 8 minutes,NCAA March Madness,18.18.03,629052,6565,1406,1.04,1.1,2.48,2.08,true
Z0vLiQLpsc8,"Jimmy Kimmel on School Shooting in Parkland, Florida",Jimmy Kimmel Live,18.21.02,3222946,81715,33795,2.54,1.1,1.79,6.14,true
obRG-2jurz0,Does saving more lives lead to overpopulation?,Bill Gates,18.21.02,357429,13341,1984,3.73,1.09,1.7,2.25,true
HBvPrh2yMik,DIY DOUBLE DEEP FRIED PIZZA 🍕,HellthyJunkFood,18.03.05,855550,26136,2970,3.05,1.08,2.71,1.34,true
MFWF9dU5Zc0,OCEAN'S 8 - Official 1st Trailer,Warner Bros. Pictures,17.25.12,8836190,88904,29807,1.01,1.08,1.12,2.89,true
y8lFgF_IjPw,Eighth Grade | Official Trailer HD | A24,A24,18.19.03,1633904,35866,6613,2.2,1.08,2.2,2.38,true
AJUiQU8-w8E,Which is Worse For You: Sugar or Fat?,SciShow,18.09.06,429342,13956,2829,3.25,1.08,0.98,2.03,true
NWOz3OZ6J9M,Men arrested at Starbucks speak out,ABC News,18.24.04,952712,11558,24642,1.21,1.08,1.65,2.0,true
shiTAXD78Y8,Megyn Kelly Escalates Feud With Jane Fonda | The View,The View,18.26.01,556301,2973,2558,0.53,1.07,-0.11,2.08,true
mcsTWPSMDtg,Migos x Tasty Whip Up Stir Fry,Tasty,18.16.02,2226074,104563,5595,4.7,1.07,2.02,2.11,true
lpkRFHSpvGI,George W. Bush Returns Cold Open - SNL,Saturday Night Live,18.03.02,5398142,56291,12326,1.04,1.07,1.16,2.57,true
spUNpyF58BY,But what is the Fourier Transform?  A visual introduction.,3Blue1Brown,18.01.02,298666,21524,1912,7.21,1.07,3.35,3.39,true
bWL_MVbpGT0,4 PRODUCERS FLIP THE SAME SAMPLE,ANDREW HUANG,18.02.04,629744,38777,4892,6.16,1.06,2.0,1.93,true
6ZfuNTqbHE8,Marvel Studios' Avengers: Infinity War Official Trailer,Marvel Entertainment,17.30.11,37736281,1735895,241237,4.6,1.06,1.86,2.04,true
TOdGYZ20oSc,I made him fabulous! | Best Friend Makeover Challenge with boyinaband,Glam&Gore,17.18.12,485831,36754,3252,7.57,1.06,0.77,2.32,true
3g5O-kT9m8k,$1000 Survival Kit in a Case,CrazyRussianHacker,18.19.05,1525604,60149,2767,3.94,1.06,2.67,-0.45,true
AJUiQU8-w8E,Which is Worse For You: Sugar or Fat?,SciShow,18.08.06,426704,13892,2825,3.26,1.06,0.97,2.03,true
_JhaVNJb3ag,Heart-Wrenching Video: Starving Polar Bear on Iceless Land | National Geographic,National Geographic,17.14.12,645090,11212,6561,1.74,1.06,0.86,3.4,true
lpkRFHSpvGI,George W. Bush Returns Cold Open - SNL,Saturday Night Live,18.02.02,5325220,55849,12237,1.05,1.04,1.14,2.54,true
KX0fOxBVMRc,Ritzy Parmesan Chicken Bites | Episode 1220,Laura in the Kitchen,18.02.01,175916,5984,490,3.4,1.04,1.09,2.35,true
3b24Q8Bz7b4,"This Chicken is Entirely Black, From Beak to Bone",Great Big Story,18.07.04,872087,21753,4703,2.49,1.04,1.08,2.79,true
x4TZEVqKIvs,Film Theory: Disney LIED to You! (High School Musical),The Film Theorists,18.07.01,5791487,190827,25452,3.29,1.04,2.52,0.75,true
AJUiQU8-w8E,Which is Worse For You: Sugar or Fat?,SciShow,18.07.06,423307,13792,2822,3.26,1.03,0.95,2.02,true
VllA1V5M38E,Republicans Praise Trump; Trump Claims He Repealed Obamacare: A Closer Look,Late Night with Seth Meyers,17.26.12,1776285,20331,4879,1.14,1.03,1.01,2.24,true
gvuvxLzUB-w,Amazon Go lets you skip the checkout line,USA TODAY,18.24.01,204499,2121,1449,1.04,1.02,1.87,2.18,true
MidgYgFwgTI,Blind Ice Cream Taste Test,Good Mythical Morning,18.06.06,1504180,38025,6158,2.53,1.02,1.6,2.05,true
CzCfd0eaWoA,We Bought a 100 Year Old Fixer Upper - Man Vs House Ep.1,ThreadBanger,17.02.12,1361969,90736,8234,6.66,1.02,2.32,2.2,true
-37nIo_tLnk,Christmas Day 2000,vnbreyes,18.02.01,3170,4,1,0.13,1.01,2.18,2.47,true
02N508BDngc,How To Make a Giant Flaming Vortex Fountain,The King of Random,18.12.01,1199750,45344,4502,3.78,1.01,4.73,0.66,true
AJUiQU8-w8E,Which is Worse For You: Sugar or Fat?,SciShow,18.06.06,419705,13704,2833,3.27,1.01,0.93,2.04,true
TaVvm0r_gho,Everything Wrong With Bee Movie In 15 Minutes Or Less,CinemaSins,18.07.01,3038222,87500,17054,2.88,1.01,1.99,2.61,true
fAIX12F6958,Bumblebee (2018) - Official Teaser Trailer - Paramount Pictures,Paramount Pictures,18.08.06,16712248,200316,41640,1.2,1.0,0.99,2.12,true
mF6vwuGWQZU,Beef Pirozhki - Food Wishes - Russian Meat Donuts,Food Wishes,18.09.03,266759,9848,1593,3.69,1.0,1.84,2.3,true
36QMyiRAv-Y,Jaiden & Boyinaband - Empty (Official Music Video),Jaiden Animations,18.14.06,3647441,387156,108849,10.61,1.0,3.5,3.1,true
Z0vLiQLpsc8,"Jimmy Kimmel on School Shooting in Parkland, Florida",Jimmy Kimmel Live,18.20.02,3068466,78940,32359,2.57,1.0,1.7,5.86,true
jLM2ibaRbrk,Flinch w/ BTS,The Late Late Show with James Corden,17.07.12,4110136,293974,24356,7.15,1.0,2.82,3.7,true
beb8zCGMsbI,James Veitch’s Elaborate Wrong Number Prank  - CONAN on TBS,Team Coco,18.06.06,2275999,66030,928,2.9,0.99,2.07,-0.3,true
k5wc9V7ggVg,Adam Ruins Everything - The Misleading Story of the Cuban Missile Crisis | truTV,truTV,18.05.04,592097,9899,2011,1.67,0.99,1.31,2.35,true
D_CZ8v9uZJY,FULL FACE OF MAKEUP IM THROWING OUT 2018,Laura Lee,18.07.05,1009447,52298,98134,5.18,0.99,1.86,2.38,true
N7HFXgyTya0,My Dinosaur Is a Service Animal (with Chris Pratt and Bryce Dallas Howard!),CollegeHumor,18.19.05,1421130,68969,3312,4.85,0.99,2.82,0.33,true
CzCfd0eaWoA,We Bought a 100 Year Old Fixer Upper - Man Vs House Ep.1,ThreadBanger,17.01.12,1344916,90109,8188,6.7,0.98,2.29,2.18,true
3g5O-kT9m8k,$1000 Survival Kit in a Case,CrazyRussianHacker,18.18.05,1487628,58666,4819,3.94,0.97,2.55,0.87,true
jyNFL5t2A-U,Watch Courtroom Erupt In Applause After Larry Nassar Sentencing | MSNBC,MSNBC,18.26.01,213015,2249,1214,1.06,0.96,2.01,0.23,true
MFWF9dU5Zc0,OCEAN'S 8 - Official 1st Trailer,Warner Bros. Pictures,17.24.12,8368152,87366,29060,1.04,0.96,1.08,2.79,true
lpkRFHSpvGI,George W. Bush Returns Cold Open - SNL,Saturday Night Live,18.01.02,5147621,55076,12159,1.07,0.96,1.1,2.52,true
mcsTWPSMDtg,Migos x Tasty Whip Up Stir Fry,Tasty,18.15.02,2134073,101703,5476,4.77,0.96,1.92,2.03,true
uI9G_fZRLWM,Best Of 2017 KKandbabyJ,KKandbabyJ,18.17.01,496856,31003,8690,6.24,0.96,2.06,1.38,true
vorkmWa7He8,We Stole Tampons from the Cashier-less Amazon Go Store,Linus Tech Tips,18.31.01,2452181,70667,17722,2.88,0.96,0.62,2.6,true
beb8zCGMsbI,James Veitch’s Elaborate Wrong Number Prank  - CONAN on TBS,Team Coco,18.05.06,2237424,64898,907,2.9,0.95,2.02,-0.32,true
jLM2ibaRbrk,Flinch w/ BTS,The Late Late Show with James Corden,17.06.12,3977910,288527,23946,7.25,0.95,2.76,3.63,true
paxgKBUK4wQ,Honest Trailers - Star Wars: The Last Jedi,Screen Junkies,18.30.03,2569382,71357,16601,2.78,0.94,1.07,2.92,true
TdyllLZeviY,Charlie Puth - Done For Me (feat. Kehlani) [Official Video],Charlie Puth,18.28.04,7357236,357962,16799,4.87,0.94,2.35,1.93,true
o3T_o4WM-n8,A Crushing Valentine's Day,Studio C,18.17.02,581198,20576,2860,3.54,0.93,2.38,2.11,true
k5TqNsr6YuQ,Troye Sivan - My My My!,TroyeSivanVEVO,18.15.01,6126993,452741,37299,7.39,0.93,2.06,2.19,true
vb9zbSGZ8GQ,Team USA Dances Into Olympics ‘Gangnam Style’,Inside Edition,18.12.02,769428,6103,3476,0.79,0.93,-0.16,3.3,true
CzCfd0eaWoA,We Bought a 100 Year Old Fixer Upper - Man Vs House Ep.1,ThreadBanger,17.30.11,1324067,89289,8072,6.74,0.93,2.25,2.13,true
pMpQABKlC-I,How To Speak Internet 101 (ft. Will Smith),IISuperwomanII,17.25.12,2494165,178955,20358,7.17,0.92,1.12,2.08,true
x4TZEVqKIvs,Film Theory: Disney LIED to You! (High School Musical),The Film Theorists,18.06.01,5561937,188407,25193,3.39,0.91,2.44,0.72,true
t5Lz14wu1uw,ready player one,ProZD,17.15.12,1874914,69281,5282,3.7,0.91,0.31,2.1,true
VllA1V5M38E,Republicans Praise Trump; Trump Claims He Repealed Obamacare: A Closer Look,Late Night with Seth Meyers,17.25.12,1676657,19775,4510,1.18,0.9,0.95,2.0,true
nLXCutcsoKQ,'Roseanne' Cast and Crew React to Cancellation News,Entertainment Tonight,18.12.06,1068614,4617,7386,0.43,0.89,0.71,2.23,true
nLXCutcsoKQ,'Roseanne' Cast and Crew React to Cancellation News,Entertainment Tonight,18.13.06,1069852,4620,7384,0.43,0.89,0.71,2.23,true
nLXCutcsoKQ,'Roseanne' Cast and Crew React to Cancellation News,Entertainment Tonight,18.14.06,1071030,4619,7387,0.43,0.89,0.71,2.23,true
QLFRGj-PPNI,Tom Cruise Reacts to Slow-Mo Footage of How He Broke His Ankle | The Graham Norton Show,The Graham Norton Show,18.29.01,2323494,26698,2631,1.15,0.89,0.68,2.42,true
nLXCutcsoKQ,'Roseanne' Cast and Crew React to Cancellation News,Entertainment Tonight,18.11.06,1067281,4615,7384,0.43,0.88,0.71,2.23,true
nLXCutcsoKQ,'Roseanne' Cast and Crew React to Cancellation News,Entertainment Tonight,18.09.06,1064224,4610,7386,0.43,0.88,0.71,2.23,true
y8lFgF_IjPw,Eighth Grade | Official Trailer HD | A24,A24,18.18.03,1500855,33552,6255,2.24,0.88,1.97,2.21,true
jLM2ibaRbrk,Flinch w/ BTS,The Late Late Show with James Corden,17.05.12,3820337,282060,23470,7.38,0.88,2.68,3.55,true
3g5O-kT9m8k,$1000 Survival Kit in a Case,CrazyRussianHacker,18.17.05,1450502,57182,4771,3.94,0.88,2.43,0.84,true
nLXCutcsoKQ,'Roseanne' Cast and Crew React to Cancellation News,Entertainment Tonight,18.10.06,1066818,4614,7386,0.43,0.88,0.71,2.23,true
TgA2y-Bgi3c,The Mystery That Keeps Neil deGrasse Tyson Up At Night,The Late Show with Stephen Colbert,18.08.01,1071973,22877,2813,2.13,0.87,2.27,1.09,true
nLXCutcsoKQ,'Roseanne' Cast and Crew React to Cancellation News,Entertainment Tonight,18.08.06,1061345,4603,7391,0.43,0.87,0.7,2.23,true
O6BODAJVYc8,"2017, in 7 minutes",Vox,17.31.12,920639,50021,12618,5.43,0.87,3.09,2.97,true
nLXCutcsoKQ,'Roseanne' Cast and Crew React to Cancellation News,Entertainment Tonight,18.07.06,1056505,4593,7393,0.43,0.87,0.7,2.23,true
lYEj9snU838,"Boy speaks out on viral bullying video, mom addresses backlash",CBS This Morning,17.14.12,946860,6851,10332,0.72,0.87,0.99,3.26,true
oiC_HG3u-nk,Footage of starving polar bear exposes climate change impact,Guardian News,17.11.12,688274,5945,6137,0.86,0.87,1.15,2.22,true
CzCfd0eaWoA,We Bought a 100 Year Old Fixer Upper - Man Vs House Ep.1,ThreadBanger,17.29.11,1295711,88152,7988,6.8,0.87,2.19,2.09,true
uHRwMmwbFnA,Super Smash Bros. Ultimate - Everyone is Here Trailer (E3 2018),GameXplain,18.14.06,892447,20484,6849,2.3,0.85,2.87,-1.85,true
nLXCutcsoKQ,'Roseanne' Cast and Crew React to Cancellation News,Entertainment Tonight,18.06.06,1049176,4581,7384,0.44,0.85,0.7,2.23,true
HBvPrh2yMik,DIY DOUBLE DEEP FRIED PIZZA 🍕,HellthyJunkFood,18.02.05,778740,24946,2841,3.2,0.85,2.48,1.19,true
Z0vLiQLpsc8,"Jimmy Kimmel on School Shooting in Parkland, Florida",Jimmy Kimmel Live,18.19.02,2835440,74464,29925,2.63,0.85,1.55,5.38,true
9sRQQRiltrE,BTS Get Scared by a Fangirl,TheEllenShow,18.27.05,2474066,150062,16387,6.07,0.85,2.92,4.5,true
d1hs-JI_yBE,Kobe Bryant No.8 & No.24 Jersey Retirement In Los Angeles,NBA,17.27.12,788372,15343,2074,1.95,0.84,2.33,2.84,true
ys6KVWA4okw,Will It Slip-N-Slide? (EXPERIMENT),Good Mythical Morning,18.30.05,1410845,42290,6452,3.0,0.84,1.99,2.23,true
l4bAoNAx2uo,American Things Europeans Find Weird,The Infographics Show,17.18.11,728698,13623,7015,1.87,0.84,0.7,2.87,true
lpkRFHSpvGI,George W. Bush Returns Cold Open - SNL,Saturday Night Live,18.31.01,4866080,53526,12235,1.1,0.84,1.02,2.54,true
I6N-XuYllgA,"Jet Packinski Touches a Hairless Rat, Rooster & Other Weird Stuff in the Fear Box | Vanity Fair",Vanity Fair,17.30.11,2319083,98929,4541,4.27,0.83,2.22,1.2,true
vRWH9GQ2J90,100 LAYERS OF DEEP FRIED PIZZA 🍕CHALLENGE!!!,HellthyJunkFood,18.06.06,769560,17378,3586,2.26,0.83,1.04,2.04,true
JDmse8M-3-Y,teens react to nothing.,FBE,18.03.04,2853563,144712,21495,5.07,0.83,2.32,1.15,true
5sEaYB4rLFQ,Fantastic Beasts: The Crimes of Grindelwald - Official Teaser Trailer,Warner Bros. Pictures,18.15.03,7822003,189086,16829,2.42,0.83,3.39,1.27,true
r2vpDWS5ky4,I GRADUATED FOR FREE! DOLLAR STORE WITH LIZA PART 3!,Liza Koshy,18.08.01,5296906,439165,23638,8.29,0.83,0.72,2.51,true
iXcqpJQD5II,GET READY WITH ME | Latte Palette Reveal!,Christen Dominique,18.21.01,467085,46927,10074,10.05,0.83,2.34,2.37,true
nWZMfPP34g8,BITTEN by a GIANT DESERT CENTIPEDE!,Brave Wilderness,17.22.12,2977230,128175,37914,4.31,0.82,2.29,3.15,true
MFWF9dU5Zc0,OCEAN'S 8 - Official 1st Trailer,Warner Bros. Pictures,17.23.12,7774590,84709,28068,1.09,0.82,1.02,2.67,true
d1hs-JI_yBE,Kobe Bryant No.8 & No.24 Jersey Retirement In Los Angeles,NBA,17.26.12,778610,15235,2058,1.96,0.82,2.31,2.81,true
nLXCutcsoKQ,'Roseanne' Cast and Crew React to Cancellation News,Entertainment Tonight,18.05.06,1022640,4520,7239,0.44,0.81,0.67,2.17,true
jLM2ibaRbrk,Flinch w/ BTS,The Late Late Show with James Corden,17.04.12,3649473,275242,23595,7.54,0.8,2.6,3.57,true
d1hs-JI_yBE,Kobe Bryant No.8 & No.24 Jersey Retirement In Los Angeles,NBA,17.25.12,765561,15089,2076,1.97,0.79,2.28,2.84,true
I6N-XuYllgA,"Jet Packinski Touches a Hairless Rat, Rooster & Other Weird Stuff in the Fear Box | Vanity Fair",Vanity Fair,17.29.11,2260715,97151,4827,4.3,0.79,2.17,1.33,true
f6Egj7ncOi8,FULL FACE USING ONLY MY MOM'S MAKEUP Challenge | NikkieTutorials,NikkieTutorials,17.31.12,2822642,275632,124082,9.77,0.79,2.25,2.74,true
TOdGYZ20oSc,I made him fabulous! | Best Friend Makeover Challenge with boyinaband,Glam&Gore,17.17.12,459410,35164,3150,7.65,0.79,0.59,2.18,true
VlOq_4lmpzE,Miz Cracker’s Drag Transformation Tutorial | Allure,Allure,18.14.04,471360,24623,1880,5.22,0.79,2.41,2.49,true
FhllRWReNEE,Melting Every Lipstick From Sephora Together,Safiya Nygaard,18.16.04,4776071,306005,321455,6.41,0.78,1.89,3.77,true
IIS1M7m9tw8,I have something to tell you..,Daisy Marquez,18.28.01,530070,24056,2979,4.54,0.78,0.64,2.08,true
v9wbMzkVseE,Patriots vs. Steelers | NFL Week 15 Game Highlights,NFL,17.20.12,2336544,19462,15699,0.83,0.78,0.35,2.36,true
HgjVWV0Uw3M,Did Solo: A Star Wars Story Trailer Win Over Fans? - Movie Talk,ColliderVideos,18.08.02,95886,2642,1680,2.76,0.77,1.01,2.57,true
02N508BDngc,How To Make a Giant Flaming Vortex Fountain,The King of Random,18.09.01,1117928,43301,4321,3.87,0.77,4.4,0.54,true
asu37n6sEBY,Chris Stapleton - Tryin' To Untangle My Mind (Audio),ChrisStapletonVEVO,17.20.11,372390,7993,547,2.15,0.77,0.96,2.08,true
v3O9vNi-dkA,Hear the Otherworldly Sounds of Skating on Thin Ice | National Geographic,National Geographic,18.13.02,563802,19536,895,3.47,0.77,2.48,-0.11,true
13xFL17XmYU,Little Kid Runs in Slow Motion During Baseball Game - 988585,RM Videos,18.17.05,310140,1521,474,0.49,0.75,1.59,3.18,true
CzCfd0eaWoA,We Bought a 100 Year Old Fixer Upper - Man Vs House Ep.1,ThreadBanger,17.28.11,1239500,85638,7844,6.91,0.75,2.07,2.02,true
13xFL17XmYU,Little Kid Runs in Slow Motion During Baseball Game - 988585,RM Videos,18.16.05,308917,1513,473,0.49,0.75,1.57,3.17,true
d1hs-JI_yBE,Kobe Bryant No.8 & No.24 Jersey Retirement In Los Angeles,NBA,17.24.12,746303,14869,2023,1.99,0.75,2.23,2.74,true
rEdl2Uetpvo,How To Make Perfect Chocolate Chip Cookies,Tasty,18.06.05,1940455,125681,3274,6.48,0.74,2.7,0.69,true
nLXCutcsoKQ,'Roseanne' Cast and Crew React to Cancellation News,Entertainment Tonight,18.04.06,981819,4419,7016,0.45,0.74,0.63,2.08,true
3g5O-kT9m8k,$1000 Survival Kit in a Case,CrazyRussianHacker,18.16.05,1391479,55059,4572,3.96,0.74,2.26,0.71,true
x4TZEVqKIvs,Film Theory: Disney LIED to You! (High School Musical),The Film Theorists,18.05.01,5243310,184755,24824,3.52,0.74,2.32,0.67,true
I6N-XuYllgA,"Jet Packinski Touches a Hairless Rat, Rooster & Other Weird Stuff in the Fear Box | Vanity Fair",Vanity Fair,17.28.11,2199045,95007,4723,4.32,0.74,2.09,1.28,true
N7HFXgyTya0,My Dinosaur Is a Service Animal (with Chris Pratt and Bryce Dallas Howard!),CollegeHumor,18.18.05,1286572,65429,3171,5.09,0.73,2.56,0.26,true
lE0eWRdSrY4,Koreas: A day of historic talks  - BBC News,BBC News,18.06.05,687546,17664,6048,2.57,0.72,2.45,1.96,true
lE0eWRdSrY4,Koreas: A day of historic talks  - BBC News,BBC News,18.07.05,689597,17683,6058,2.56,0.72,2.45,1.97,true
lOz7cPJQd8E,Tesla CEO Elon Musk offers rare look inside Model 3 factory,CBS This Morning,18.26.04,857855,10750,1344,1.25,0.71,2.0,-0.09,true
bH8fQoYfZe8,Christina Aguilera Surprises Farrah Moan During Untucked: RuPaul's Drag Race Season 10,WOWPresents,18.31.03,480569,19767,1341,4.11,0.71,2.1,-0.92,true
r_HGFvrw5nQ,AUNTS RANTS: We Need Dates (with Grace Helbig),Mamrie Hart,18.14.01,134740,9652,473,7.16,0.71,1.92,2.12,true
lE0eWRdSrY4,Koreas: A day of historic talks  - BBC News,BBC News,18.05.05,685130,17632,6057,2.57,0.71,2.44,1.97,true
cSp1dM2Vj48,READY PLAYER ONE - Official Trailer 1 [HD],Warner Bros. Pictures,17.12.12,7323028,138566,25824,1.89,0.71,2.24,2.39,true
YvcIeSfaB3c,Billy Bush Believes The Women Accusing Trump Of Sexual Assault,The Late Show with Stephen Colbert,17.06.12,990016,14361,4567,1.45,0.7,0.96,2.24,true
lE0eWRdSrY4,Koreas: A day of historic talks  - BBC News,BBC News,18.04.05,681861,17607,6052,2.58,0.7,2.43,1.96,true
13xFL17XmYU,Little Kid Runs in Slow Motion During Baseball Game - 988585,RM Videos,18.15.05,298899,1502,486,0.5,0.69,1.55,3.28,true
o3T_o4WM-n8,A Crushing Valentine's Day,Studio C,18.16.02,556219,20233,2838,3.64,0.69,2.26,2.07,true
lE0eWRdSrY4,Koreas: A day of historic talks  - BBC News,BBC News,18.03.05,676179,17557,6045,2.6,0.68,2.42,1.96,true
D_CZ8v9uZJY,FULL FACE OF MAKEUP IM THROWING OUT 2018,Laura Lee,18.06.05,924774,49883,94337,5.39,0.68,1.61,2.26,true
d1hs-JI_yBE,Kobe Bryant No.8 & No.24 Jersey Retirement In Los Angeles,NBA,17.23.12,712842,14476,1983,2.03,0.68,2.14,2.67,true
I6N-XuYllgA,"Jet Packinski Touches a Hairless Rat, Rooster & Other Weird Stuff in the Fear Box | Vanity Fair",Vanity Fair,17.27.11,2108624,92292,4612,4.38,0.68,2.0,1.23,true
jLM2ibaRbrk,Flinch w/ BTS,The Late Late Show with James Corden,17.03.12,3379817,263744,21781,7.8,0.68,2.46,3.25,true
wzKL-bQKcgA,Anitta & J Balvin - Downtown (Official Lyric Video) ft. Lele Pons & Juanpa Zurita,Lele Pons,17.16.12,7605524,580073,35103,7.63,0.68,2.08,2.42,true
S1O4kia_Iog,Royal Wedding: ‘Stand By Me’ Performed By Karen Gibson And The Kingdom Choir | TODAY,TODAY,18.21.05,1056821,21624,2069,2.05,0.66,2.04,0.17,true
lE0eWRdSrY4,Koreas: A day of historic talks  - BBC News,BBC News,18.02.05,668524,17444,6018,2.61,0.66,2.4,1.95,true
1l26UFQ06eQ,Welcome to Hell - SNL,Saturday Night Live,17.07.12,4440269,57183,13342,1.29,0.66,1.21,2.88,true
lpkRFHSpvGI,George W. Bush Returns Cold Open - SNL,Saturday Night Live,18.30.01,4447418,50762,11793,1.14,0.66,0.88,2.41,true
v_0WNLAmSaE,Game Theory: FNAF STUMPED Me! (FNAF 6 Ultimate Custom Night),The Game Theorists,18.10.06,4656429,200994,90979,4.32,0.64,2.19,2.6,true
idD1C2-ISlo,Keith Urban - Parallel Line (Lyric Video),KeithUrbanVEVO,18.26.01,912815,13357,604,1.46,0.64,1.41,2.39,true
lE0eWRdSrY4,Koreas: A day of historic talks  - BBC News,BBC News,18.01.05,658692,17270,6005,2.62,0.63,2.37,1.94,true
TdyllLZeviY,Charlie Puth - Done For Me (feat. Kehlani) [Official Video],Charlie Puth,18.27.04,6365025,341981,16434,5.37,0.63,2.17,1.84,true
MFWF9dU5Zc0,OCEAN'S 8 - Official 1st Trailer,Warner Bros. Pictures,17.22.12,6975610,80073,27079,1.15,0.62,0.92,2.55,true
vorkmWa7He8,We Stole Tampons from the Cashier-less Amazon Go Store,Linus Tech Tips,18.30.01,2171844,64447,16685,2.97,0.62,0.39,2.35,true
lVudO9x8fbQ,"BTS Reveal Their Favorite Movie, Guilty Pleasure & More | Billboard",Billboard,18.23.02,1954026,235893,14946,12.07,0.62,2.31,2.07,true
v9wbMzkVseE,Patriots vs. Steelers | NFL Week 15 Game Highlights,NFL,17.19.12,2078841,18220,14800,0.88,0.62,0.29,2.19,true
1Xgm5R4eMao,The Voice 2018 - The Season 14 Voice Champion Is...,The Voice,18.12.06,1685312,13948,4664,0.83,0.62,-0.24,2.13,true
Z0vLiQLpsc8,"Jimmy Kimmel on School Shooting in Parkland, Florida",Jimmy Kimmel Live,18.18.02,2482112,66898,26597,2.7,0.62,1.31,4.72,true
1Xgm5R4eMao,The Voice 2018 - The Season 14 Voice Champion Is...,The Voice,18.11.06,1675288,13916,4662,0.83,0.61,-0.24,2.13,true
Uvh3v1BkJ-A,Smartphone DURABILITY Awards 2017!,JerryRigEverything,18.09.01,531566,42326,3968,7.96,0.61,2.46,1.39,true
02N508BDngc,How To Make a Giant Flaming Vortex Fountain,The King of Random,18.08.01,1063717,41929,6101,3.94,0.61,4.19,1.77,true
viyRD5z6ilQ,Luke Bryan - O Holy Night (Audio),LukeBryanVEVO,17.15.11,147193,5405,395,3.67,0.61,1.29,2.13,true
1Xgm5R4eMao,The Voice 2018 - The Season 14 Voice Champion Is...,The Voice,18.10.06,1670278,13894,4666,0.83,0.6,-0.24,2.13,true
k5TqNsr6YuQ,Troye Sivan - My My My!,TroyeSivanVEVO,18.14.01,5144910,420497,35705,8.17,0.59,1.8,2.03,true
_JhaVNJb3ag,Heart-Wrenching Video: Starving Polar Bear on Iceless Land | National Geographic,National Geographic,17.13.12,512127,10004,5971,1.95,0.59,0.63,3.03,true
lVudO9x8fbQ,"BTS Reveal Their Favorite Movie, Guilty Pleasure & More | Billboard",Billboard,18.22.02,1915129,233782,14836,12.21,0.59,2.28,2.05,true
2z3EUY1aXdY,Justin Timberlake’s FULL Pepsi Super Bowl LII Halftime Show! | NFL Highlights,NFL,18.05.02,2027569,50251,14413,2.48,0.59,1.77,2.11,true
bH8fQoYfZe8,Christina Aguilera Surprises Farrah Moan During Untucked: RuPaul's Drag Race Season 10,WOWPresents,18.30.03,463425,19543,1332,4.22,0.59,2.05,-0.93,true
1Xgm5R4eMao,The Voice 2018 - The Season 14 Voice Champion Is...,The Voice,18.09.06,1653757,13831,4627,0.84,0.58,-0.25,2.1,true
AuWwlxym68g,X Ambassadors - JOYFUL,XAmbassadorsVEVO,18.31.01,302287,12573,539,4.16,0.58,0.53,2.05,true
0bXCbVGb04A,"Game Theory: FNAF, The Theory That Changed EVERYTHING!! (FNAF 6 Ultimate Custom Night)",The Game Theorists,18.14.06,4585563,200284,47646,4.37,0.58,2.17,0.07,true
1Xgm5R4eMao,The Voice 2018 - The Season 14 Voice Champion Is...,The Voice,18.08.06,1642635,13784,4626,0.84,0.57,-0.26,2.1,true
TaVvm0r_gho,Everything Wrong With Bee Movie In 15 Minutes Or Less,CinemaSins,18.06.01,2582986,81483,15907,3.15,0.57,1.71,2.32,true
paxgKBUK4wQ,Honest Trailers - Star Wars: The Last Jedi,Screen Junkies,18.29.03,2242244,66380,15201,2.96,0.57,0.84,2.53,true
lVudO9x8fbQ,"BTS Reveal Their Favorite Movie, Guilty Pleasure & More | Billboard",Billboard,18.21.02,1893569,233040,14816,12.31,0.57,2.27,2.04,true
d1hs-JI_yBE,Kobe Bryant No.8 & No.24 Jersey Retirement In Los Angeles,NBA,17.22.12,660364,13832,1893,2.09,0.56,2.0,2.5,true
rEdl2Uetpvo,How To Make Perfect Chocolate Chip Cookies,Tasty,18.05.05,1785111,117196,3063,6.57,0.56,2.42,0.56,true
lE0eWRdSrY4,Koreas: A day of historic talks  - BBC News,BBC News,18.30.04,634610,16893,5878,2.66,0.56,2.29,1.87,true
J41qe-TM1DY,JONGHYUN 종현 '빛이 나 (Shinin’)' MV,SMTOWN,18.29.01,7200045,1021328,117897,14.19,0.56,2.03,1.92,true
x4TZEVqKIvs,Film Theory: Disney LIED to You! (High School Musical),The Film Theorists,18.04.01,4912005,179245,24188,3.65,0.56,2.14,0.59,true
lVudO9x8fbQ,"BTS Reveal Their Favorite Movie, Guilty Pleasure & More | Billboard",Billboard,18.20.02,1876857,232448,14738,12.38,0.55,2.27,2.03,true
1l26UFQ06eQ,Welcome to Hell - SNL,Saturday Night Live,17.06.12,4181144,53675,12755,1.28,0.55,1.03,2.7,true
1Xgm5R4eMao,The Voice 2018 - The Season 14 Voice Champion Is...,The Voice,18.07.06,1629897,13732,4620,0.84,0.55,-0.26,2.1,true
1Xgm5R4eMao,The Voice 2018 - The Season 14 Voice Champion Is...,The Voice,18.06.06,1618410,13699,4607,0.85,0.54,-0.27,2.09,true
36QMyiRAv-Y,Jaiden & Boyinaband - Empty (Official Music Video),Jaiden Animations,18.13.06,3387832,373983,105594,11.04,0.53,3.23,2.93,true
HBvPrh2yMik,DIY DOUBLE DEEP FRIED PIZZA 🍕,HellthyJunkFood,18.01.05,665992,22675,2597,3.4,0.53,2.05,0.91,true
lVudO9x8fbQ,"BTS Reveal Their Favorite Movie, Guilty Pleasure & More | Billboard",Billboard,18.19.02,1852409,231690,14676,12.51,0.53,2.25,2.01,true
evhLzq7Gsak,Matt Lauer Has Been Fired From NBC News | TODAY,TODAY,17.30.11,971123,6325,5824,0.65,0.52,0.03,2.46,true
CzCfd0eaWoA,We Bought a 100 Year Old Fixer Upper - Man Vs House Ep.1,ThreadBanger,17.27.11,1128222,81135,7994,7.19,0.51,1.86,2.09,true
HgjVWV0Uw3M,Did Solo: A Star Wars Story Trailer Win Over Fans? - Movie Talk,ColliderVideos,18.07.02,88867,2544,1621,2.86,0.51,0.82,2.41,true
1Xgm5R4eMao,The Voice 2018 - The Season 14 Voice Champion Is...,The Voice,18.05.06,1599898,13631,4591,0.85,0.51,-0.28,2.07,true
lVudO9x8fbQ,"BTS Reveal Their Favorite Movie, Guilty Pleasure & More | Billboard",Billboard,18.18.02,1815907,230425,14591,12.69,0.5,2.24,1.99,true
t5Lz14wu1uw,ready player one,ProZD,17.14.12,1643535,65976,5457,4.01,0.5,0.15,2.24,true
t8a8EFMAuSU,WWE's Vince McMahon announces he will relaunch XFL in 2020 [Press Conference] | ESPN,ESPN,18.31.01,708109,12092,6669,1.71,0.49,1.99,2.33,true
Uvh3v1BkJ-A,Smartphone DURABILITY Awards 2017!,JerryRigEverything,18.08.01,507085,41190,3889,8.12,0.49,2.34,1.33,true
1Xgm5R4eMao,The Voice 2018 - The Season 14 Voice Champion Is...,The Voice,18.04.06,1584400,13582,4588,0.86,0.49,-0.28,2.07,true
bPJjU2Mpujs,Taye Diggs Slays 'Candyman' in Front of Christina Aguilera | Lip Sync Battle Preview,Lip Sync Battle,18.24.01,369007,3091,787,0.84,0.49,-0.07,2.43,true
5AGyFelwyk4,LaVar Ball gets real during interview with ESPN before LiAngelo and LaMelo's first game | ESPN,ESPN,18.09.01,706629,13409,2647,1.9,0.48,2.34,0.36,true
Nsg6ZDd4NfQ,THE ‘BUY NOTHING’ EVERYDAY MAKEUP TUTORIAL #buynothing,Lisa Eldridge,18.25.01,334600,19941,1570,5.96,0.47,1.19,2.12,true
1Xgm5R4eMao,The Voice 2018 - The Season 14 Voice Champion Is...,The Voice,18.03.06,1568754,13530,4590,0.86,0.47,-0.29,2.07,true
t8a8EFMAuSU,WWE's Vince McMahon announces he will relaunch XFL in 2020 [Press Conference] | ESPN,ESPN,18.30.01,697046,11967,6663,1.72,0.46,1.96,2.32,true
2fGXDFiFBhg,DON'T Buy The iPhone X,Unbox Therapy,17.03.12,5068126,206489,51847,4.07,0.46,1.41,3.0,true
1Xgm5R4eMao,The Voice 2018 - The Season 14 Voice Champion Is...,The Voice,18.02.06,1552627,13459,4568,0.87,0.45,-0.3,2.06,true
o3T_o4WM-n8,A Crushing Valentine's Day,Studio C,18.15.02,531544,19978,2782,3.76,0.45,2.17,1.96,true
l4bAoNAx2uo,American Things Europeans Find Weird,The Infographics Show,17.17.11,650799,12694,6656,1.95,0.44,0.39,2.67,true
8uvIPHtKoQQ,Is The Last Jedi the Most Divisive Star Wars Movie Ever? (SPOILERS) - SJU,ScreenJunkies News,17.20.12,69657,2202,1990,3.16,0.43,1.32,2.19,true
1Xgm5R4eMao,The Voice 2018 - The Season 14 Voice Champion Is...,The Voice,18.01.06,1535334,13388,4514,0.87,0.43,-0.3,2.01,true
v_0WNLAmSaE,Game Theory: FNAF STUMPED Me! (FNAF 6 Ultimate Custom Night),The Game Theorists,18.09.06,4423681,194798,88240,4.4,0.43,1.98,2.44,true
lVudO9x8fbQ,"BTS Reveal Their Favorite Movie, Guilty Pleasure & More | Billboard",Billboard,18.17.02,1709996,226371,14273,13.24,0.42,2.18,1.92,true
1Xgm5R4eMao,The Voice 2018 - The Season 14 Voice Champion Is...,The Voice,18.31.05,1520719,13333,4501,0.88,0.41,-0.31,2.0,true
rEdl2Uetpvo,How To Make Perfect Chocolate Chip Cookies,Tasty,18.04.05,1647530,109692,2851,6.66,0.4,2.18,0.43,true
8EK-QMtHhMI,YOUR GOD-AWFUL RESOLUTIONS (plus announcement) (YIAY #390),jacksfilms,18.24.01,1503192,96477,60276,6.42,0.4,0.04,2.17,true
r2vpDWS5ky4,I GRADUATED FOR FREE! DOLLAR STORE WITH LIZA PART 3!,Liza Koshy,18.07.01,4834678,418086,22626,8.65,0.4,0.47,2.13,true
jLM2ibaRbrk,Flinch w/ BTS,The Late Late Show with James Corden,17.02.12,2705437,229648,17587,8.49,0.39,2.06,2.51,true
m6lY1GXTu5M,"Ariana Grande, Jimmy & The Roots Sing No Tears Left to Cry w/ Nintendo Labo Instruments",The Tonight Show Starring Jimmy Fallon,18.16.05,2015271,156034,5873,7.74,0.38,2.42,1.28,true
tP214lJtKlM,The 77 Year Old Ballet Dancer Sharing Seven Decades Of Experience | Amazing Humans,BBC Three,18.06.01,662688,28240,809,4.26,0.37,2.9,-0.57,true
t8a8EFMAuSU,WWE's Vince McMahon announces he will relaunch XFL in 2020 [Press Conference] | ESPN,ESPN,18.29.01,663376,11522,6489,1.74,0.37,1.84,2.24,true
ZpMNJbt3QDE,‘Shape of You’: How Ed Sheeran Made 2017’s Biggest Track,The New York Times,17.31.12,733180,36237,1006,4.94,0.36,3.26,-0.27,true
2fGXDFiFBhg,DON'T Buy The iPhone X,Unbox Therapy,17.02.12,4882055,202701,50933,4.15,0.35,1.34,2.92,true
8MfSVTHqNHU,"DeMarcus Cousins Out for Season, Pelicans Defeat Rockets in Clutch! 2017-18 Season",Chris Smoove,18.30.01,822779,15175,3004,1.84,0.34,-0.03,2.29,true
1l26UFQ06eQ,Welcome to Hell - SNL,Saturday Night Live,17.05.12,3707365,48888,10610,1.32,0.34,0.78,2.05,true
MFWF9dU5Zc0,OCEAN'S 8 - Official 1st Trailer,Warner Bros. Pictures,17.21.12,5766698,71334,24728,1.24,0.33,0.72,2.26,true
ZpMNJbt3QDE,‘Shape of You’: How Ed Sheeran Made 2017’s Biggest Track,The New York Times,17.30.12,709140,35283,925,4.98,0.32,3.15,-0.29,true
GKbjOWPbBwk,Chihuahua Won’t Leave Owner’s Gravesite,Inside Edition,18.15.01,551800,22074,2537,4.0,0.3,2.39,2.0,true
Uvh3v1BkJ-A,Smartphone DURABILITY Awards 2017!,JerryRigEverything,18.07.01,465460,39539,4220,8.49,0.29,2.16,1.61,true
532MxrRNJcM,Ten Minute Makeup Challenge With Zoe | Tanya Burr,Tanya Burr,18.29.04,723371,44137,1316,6.1,0.29,0.45,2.69,true
D_CZ8v9uZJY,FULL FACE OF MAKEUP IM THROWING OUT 2018,Laura Lee,18.05.05,817323,46384,90279,5.68,0.28,1.24,2.13,true
v_0WNLAmSaE,Game Theory: FNAF STUMPED Me! (FNAF 6 Ultimate Custom Night),The Game Theorists,18.08.06,4252020,191175,85880,4.5,0.28,1.85,2.3,true
ZpMNJbt3QDE,‘Shape of You’: How Ed Sheeran Made 2017’s Biggest Track,The New York Times,17.29.12,685785,34265,897,5.0,0.28,3.04,-0.3,true
kiE71P138rc,The Perfect Fit ft. Chris Pratt | Michelob ULTRA Super Bowl,Michelob ULTRA,18.01.02,3588413,9177,530,0.26,0.27,0.43,2.07,true
2BIx2x-Q2fE,An astonishing old calculator - Numberphile,Numberphile,17.07.12,321277,16503,1164,5.14,0.27,2.18,2.61,true
8EK-QMtHhMI,YOUR GOD-AWFUL RESOLUTIONS (plus announcement) (YIAY #390),jacksfilms,18.23.01,1453384,95610,59136,6.58,0.27,0.02,2.1,true
5AGyFelwyk4,LaVar Ball gets real during interview with ESPN before LiAngelo and LaMelo's first game | ESPN,ESPN,18.08.01,618740,12251,2700,1.98,0.26,2.03,0.39,true
Wv0MKHbtcQQ,EATING DISCONTINUED SNACKS *EMOTIONAL*,jennxpenn,18.22.02,442716,30499,15770,6.89,0.26,0.64,4.05,true
9sRQQRiltrE,BTS Get Scared by a Fangirl,TheEllenShow,18.26.05,1659188,121594,12218,7.33,0.25,2.22,3.21,true
DjbysQgJ64Y,"Hillary Clinton, Cardi B & More Audition for Fire & Fury - 2018 GRAMMYs",The Late Late Show with James Corden,18.31.01,2393894,46472,20572,1.94,0.25,-0.13,3.04,true
2fGXDFiFBhg,DON'T Buy The iPhone X,Unbox Therapy,17.01.12,4697856,198325,50329,4.22,0.25,1.25,2.87,true
8MfSVTHqNHU,"DeMarcus Cousins Out for Season, Pelicans Defeat Rockets in Clutch! 2017-18 Season",Chris Smoove,18.29.01,793862,15032,2964,1.89,0.23,-0.06,2.23,true
k8NxqyGcZA4,Rosie O’Donnell On Donald Trump’s Hostility Toward Her | WWHL,Watch What Happens Live with Andy Cohen,17.17.11,277614,2609,2337,0.94,0.23,1.42,3.64,true
8EK-QMtHhMI,YOUR GOD-AWFUL RESOLUTIONS (plus announcement) (YIAY #390),jacksfilms,18.22.01,1432742,95137,59095,6.64,0.22,0.01,2.09,true
ZpMNJbt3QDE,‘Shape of You’: How Ed Sheeran Made 2017’s Biggest Track,The New York Times,17.28.12,655640,32989,888,5.03,0.22,2.9,-0.3,true
2BIx2x-Q2fE,An astonishing old calculator - Numberphile,Numberphile,17.06.12,315161,16291,1153,5.17,0.22,2.12,2.56,true
k8NxqyGcZA4,Rosie O’Donnell On Donald Trump’s Hostility Toward Her | WWHL,Watch What Happens Live with Andy Cohen,17.16.11,272466,2586,2323,0.95,0.2,1.39,3.61,true
272qtYHyylk,Airplane Dad: Part 1 - Cyanide & Happiness Shorts,ExplosmEntertainment,18.09.01,1286392,58513,5366,4.55,0.2,0.68,2.06,true
Wv0MKHbtcQQ,EATING DISCONTINUED SNACKS *EMOTIONAL*,jennxpenn,18.21.02,430640,29895,15456,6.94,0.19,0.57,3.96,true
02N508BDngc,How To Make a Giant Flaming Vortex Fountain,The King of Random,18.07.01,917144,38278,5772,4.17,0.19,3.61,1.54,true
hDEc4ImIVHk,Emma Gonzalez gives speech at March for Our Lives rally,CNN,18.05.04,903996,19260,32869,2.13,0.18,0.74,2.18,true
TWpt-ze_cYU,"You, but in emojis. (YIAY #375)",jacksfilms,17.22.11,1417912,67856,67310,4.79,0.18,-0.51,2.64,true
hDEc4ImIVHk,Emma Gonzalez gives speech at March for Our Lives rally,CNN,18.07.04,906941,19292,32932,2.13,0.18,0.75,2.19,true
hDEc4ImIVHk,Emma Gonzalez gives speech at March for Our Lives rally,CNN,18.06.04,905745,19277,32911,2.13,0.18,0.74,2.19,true
hDEc4ImIVHk,Emma Gonzalez gives speech at March for Our Lives rally,CNN,18.04.04,901346,19228,32750,2.13,0.18,0.74,2.17,true
2BIx2x-Q2fE,An astonishing old calculator - Numberphile,Numberphile,17.05.12,307915,16008,1135,5.2,0.17,2.04,2.47,true
hDEc4ImIVHk,Emma Gonzalez gives speech at March for Our Lives rally,CNN,18.02.04,891913,19124,32574,2.14,0.17,0.73,2.16,true
hDEc4ImIVHk,Emma Gonzalez gives speech at March for Our Lives rally,CNN,18.03.04,897059,19172,32636,2.14,0.17,0.74,2.16,true
Z0vLiQLpsc8,"Jimmy Kimmel on School Shooting in Parkland, Florida",Jimmy Kimmel Live,18.17.02,1797096,52576,19730,2.93,0.17,0.85,3.36,true
IOuFE-6Awos,Ellen Makes 'Friends' with BTS!,TheEllenShow,17.28.11,1548962,122670,15016,7.92,0.17,2.24,4.07,true
8EK-QMtHhMI,YOUR GOD-AWFUL RESOLUTIONS (plus announcement) (YIAY #390),jacksfilms,18.21.01,1409053,94514,59712,6.71,0.16,0.0,2.13,true
nWZMfPP34g8,BITTEN by a GIANT DESERT CENTIPEDE!,Brave Wilderness,17.21.12,2060541,108555,32598,5.27,0.16,1.76,2.59,true
k8NxqyGcZA4,Rosie O’Donnell On Donald Trump’s Hostility Toward Her | WWHL,Watch What Happens Live with Andy Cohen,17.15.11,263656,2556,2377,0.97,0.16,1.36,3.71,true
ZpMNJbt3QDE,‘Shape of You’: How Ed Sheeran Made 2017’s Biggest Track,The New York Times,17.27.12,613040,30916,815,5.04,0.15,2.67,-0.32,true
hDEc4ImIVHk,Emma Gonzalez gives speech at March for Our Lives rally,CNN,18.01.04,881061,19034,32303,2.16,0.15,0.73,2.13,true
TWpt-ze_cYU,"You, but in emojis. (YIAY #375)",jacksfilms,17.21.11,1401048,67572,67166,4.82,0.14,-0.51,2.63,true
hDEc4ImIVHk,Emma Gonzalez gives speech at March for Our Lives rally,CNN,18.31.03,868385,18920,31941,2.18,0.14,0.72,2.1,true
oRSVrtKph_k,BTS Exclusive Interview #BTSonBBCR1,BBC Radio 1,18.24.01,1381523,158372,14289,11.46,0.13,3.03,3.84,true
UFXMfh5lKFs,This is the 2018 Daytona 500.,NASCAR,18.20.02,53645,678,233,1.26,0.12,2.65,2.39,true
hDEc4ImIVHk,Emma Gonzalez gives speech at March for Our Lives rally,CNN,18.30.03,853746,18787,31656,2.2,0.12,0.71,2.07,true
tfREC-AkX20,Why black Americans are getting less sleep,Vox,18.23.04,673554,10112,10825,1.5,0.12,-0.64,2.42,true
l4bAoNAx2uo,American Things Europeans Find Weird,The Infographics Show,17.16.11,587752,11891,6920,2.02,0.12,0.12,2.81,true
iXcqpJQD5II,GET READY WITH ME | Latte Palette Reveal!,Christen Dominique,18.20.01,413531,43746,9713,10.58,0.12,2.0,2.25,true
2fGXDFiFBhg,DON'T Buy The iPhone X,Unbox Therapy,17.30.11,4474243,193603,49441,4.33,0.12,1.16,2.79,true
532MxrRNJcM,Ten Minute Makeup Challenge With Zoe | Tanya Burr,Tanya Burr,18.28.04,673728,41900,1275,6.22,0.11,0.33,2.56,true
272qtYHyylk,Airplane Dad: Part 1 - Cyanide & Happiness Shorts,ExplosmEntertainment,18.08.01,1251977,57625,5309,4.6,0.11,0.6,2.01,true
1Xgm5R4eMao,The Voice 2018 - The Season 14 Voice Champion Is...,The Voice,18.26.05,1294269,12218,4593,0.94,0.11,-0.44,2.07,true
tfREC-AkX20,Why black Americans are getting less sleep,Vox,18.22.04,670551,10073,10830,1.5,0.11,-0.64,2.43,true
Gv1xjf8BUrY,CHRIS PRATT is on our Game Show!,Smosh,18.14.06,1507254,85731,10439,5.69,0.11,2.48,3.46,true
hDEc4ImIVHk,Emma Gonzalez gives speech at March for Our Lives rally,CNN,18.29.03,837016,18587,31029,2.22,0.1,0.69,2.01,true
2BIx2x-Q2fE,An astonishing old calculator - Numberphile,Numberphile,17.04.12,296536,15631,1132,5.27,0.1,1.94,2.45,true
tfREC-AkX20,Why black Americans are getting less sleep,Vox,18.21.04,667705,10038,10818,1.5,0.1,-0.65,2.42,true
oRSVrtKph_k,BTS Exclusive Interview #BTSonBBCR1,BBC Radio 1,18.23.01,1349559,156656,14180,11.61,0.1,2.99,3.81,true
NUMa0QkPzns,It’s not you. Phones are designed to be addicting.,Vox,18.27.02,668826,40435,2146,6.05,0.1,2.2,-0.23,true
qZHycHI3F1Q,Football vs Soccer Trick Shots | Dude Perfect,Dude Perfect,18.24.02,14654718,585763,54262,4.0,0.09,0.72,2.93,true
tfREC-AkX20,Why black Americans are getting less sleep,Vox,18.20.04,664464,10001,10818,1.51,0.09,-0.65,2.42,true
ShZ978fBl6Y,Calum Scott - You Are The Reason (Official),CalumScottVEVO,18.09.01,3806481,208334,7086,5.47,0.08,2.1,2.12,true
v_0WNLAmSaE,Game Theory: FNAF STUMPED Me! (FNAF 6 Ultimate Custom Night),The Game Theorists,18.07.06,4022675,185953,83786,4.62,0.08,1.67,2.18,true
2kyS6SvSYSE,WE WANT TO TALK ABOUT OUR MARRIAGE,CaseyNeistat,17.20.11,2564903,96321,22149,3.76,0.08,-0.18,2.01,true
tfREC-AkX20,Why black Americans are getting less sleep,Vox,18.19.04,660007,9939,10805,1.51,0.07,-0.66,2.42,true
HIwirSk4RjE,Thank You So Much.,Guava Juice,18.26.05,1319340,95002,32547,7.2,0.07,1.24,3.54,true
TWpt-ze_cYU,"You, but in emojis. (YIAY #375)",jacksfilms,17.20.11,1373834,67021,66879,4.88,0.07,-0.53,2.61,true
tfREC-AkX20,Why black Americans are getting less sleep,Vox,18.18.04,654267,9877,10736,1.51,0.06,-0.66,2.4,true
oRSVrtKph_k,BTS Exclusive Interview #BTSonBBCR1,BBC Radio 1,18.22.01,1294987,153336,13998,11.84,0.05,2.9,3.75,true
8EK-QMtHhMI,YOUR GOD-AWFUL RESOLUTIONS (plus announcement) (YIAY #390),jacksfilms,18.20.01,1366339,93215,59462,6.82,0.05,-0.03,2.12,true
p8t4HQWwDxk,Catie Turner Sings Havana by Camila Cabello - Top 10 - American Idol 2018 on ABC,American Idol,18.30.04,1591562,37894,2296,2.38,0.04,2.08,-0.1,true
VlOq_4lmpzE,Miz Cracker’s Drag Transformation Tutorial | Allure,Allure,18.07.04,377795,21123,1714,5.59,0.04,1.77,2.17,true
FKiuTRS5R-4,Trump threatens to cut aid over UN Jerusalem vote,Al Jazeera English,17.23.12,73611,706,867,0.96,0.04,1.09,2.28,true
k8NxqyGcZA4,Rosie O’Donnell On Donald Trump’s Hostility Toward Her | WWHL,Watch What Happens Live with Andy Cohen,17.14.11,238643,2429,2325,1.02,0.04,1.24,3.62,true
tfREC-AkX20,Why black Americans are getting less sleep,Vox,18.17.04,645768,9765,10658,1.51,0.03,-0.67,2.37,true
aB-UKwO367s,Film Theory: How Star Wars Theories KILLED Star Wars: The Last Jedi!,The Film Theorists,18.26.01,3922298,129154,38382,3.29,0.01,0.52,2.36,true
ZpMNJbt3QDE,‘Shape of You’: How Ed Sheeran Made 2017’s Biggest Track,The New York Times,17.26.12,528063,27308,778,5.17,0.0,2.27,-0.33,true
S-4rhjO6xYg,STRANGER THINGS: A Bad Lip Reading,Bad Lip Reading,17.16.12,5102153,258658,20147,5.07,-0.02,0.96,2.89,true
2BIx2x-Q2fE,An astonishing old calculator - Numberphile,Numberphile,17.03.12,279995,15036,1124,5.37,-0.02,1.78,2.41,true
tfREC-AkX20,Why black Americans are getting less sleep,Vox,18.16.04,624341,9523,10304,1.53,-0.03,-0.7,2.26,true
u0feM_2mLvo,Grilling | Basics with Babish,Binging with Babish,18.14.05,1062499,32276,5547,3.04,-0.04,-0.18,3.27,true
IlkBLwl4aBM,Shawn Mendes In My Blood (Audio),Shawn Mendes,18.23.03,4321512,598021,54873,13.84,-0.04,1.55,2.78,true
jE2VvGZktJo,Jake Paul - Randy Savage (FT. Team 10 + Jitt & Quan) Prod. By MORTEN,Jake Paul,18.26.05,2974188,126093,43019,4.24,-0.04,3.44,3.17,true
UEhsFEgsI5U,Fahrenheit 451 (2018) Official Teaser ft. Michael B. Jordan & Michael Shannon | HBO,HBO,18.09.03,2146770,32510,7004,1.51,-0.04,0.94,2.09,true
UEhsFEgsI5U,Fahrenheit 451 (2018) Official Teaser ft. Michael B. Jordan & Michael Shannon | HBO,HBO,18.10.03,2157410,32588,7011,1.51,-0.04,0.94,2.09,true
oRSVrtKph_k,BTS Exclusive Interview #BTSonBBCR1,BBC Radio 1,18.21.01,1200717,145989,13470,12.16,-0.04,2.72,3.58,true
UEhsFEgsI5U,Fahrenheit 451 (2018) Official Teaser ft. Michael B. Jordan & Michael Shannon | HBO,HBO,18.11.03,2167517,32657,7025,1.51,-0.04,0.95,2.09,true
TWpt-ze_cYU,"You, but in emojis. (YIAY #375)",jacksfilms,17.19.11,1329506,66170,66546,4.98,-0.05,-0.54,2.59,true
UEhsFEgsI5U,Fahrenheit 451 (2018) Official Teaser ft. Michael B. Jordan & Michael Shannon | HBO,HBO,18.07.03,2119558,32310,6947,1.52,-0.05,0.92,2.06,true
UEhsFEgsI5U,Fahrenheit 451 (2018) Official Teaser ft. Michael B. Jordan & Michael Shannon | HBO,HBO,18.08.03,2135393,32432,6999,1.52,-0.05,0.93,2.08,true
aB-UKwO367s,Film Theory: How Star Wars Theories KILLED Star Wars: The Last Jedi!,The Film Theorists,18.25.01,3813303,127963,38105,3.36,-0.05,0.49,2.33,true
36QMyiRAv-Y,Jaiden & Boyinaband - Empty (Official Music Video),Jaiden Animations,18.12.06,3078614,355173,100948,11.54,-0.05,2.84,2.7,true
HIwirSk4RjE,Thank You So Much.,Guava Juice,18.25.05,1242266,92216,31636,7.42,-0.06,1.16,3.41,true
UEhsFEgsI5U,Fahrenheit 451 (2018) Official Teaser ft. Michael B. Jordan & Michael Shannon | HBO,HBO,18.06.03,2091194,32098,6879,1.53,-0.06,0.91,2.03,true
6mDsa-AqNcQ,India's Geography Problem,Wendover Productions,17.12.12,718220,24687,6007,3.44,-0.07,-0.09,2.24,true
qZHycHI3F1Q,Football vs Soccer Trick Shots | Dude Perfect,Dude Perfect,18.23.02,13907124,571378,52923,4.11,-0.09,0.64,2.76,true
tP214lJtKlM,The 77 Year Old Ballet Dancer Sharing Seven Decades Of Experience | Amazing Humans,BBC Three,18.05.01,528061,23952,700,4.54,-0.09,2.14,-0.63,true
aB-UKwO367s,Film Theory: How Star Wars Theories KILLED Star Wars: The Last Jedi!,The Film Theorists,18.24.01,3739645,126409,37592,3.38,-0.09,0.44,2.27,true
S-4rhjO6xYg,STRANGER THINGS: A Bad Lip Reading,Bad Lip Reading,17.15.12,4815667,251314,19637,5.22,-0.1,0.89,2.76,true
2fGXDFiFBhg,DON'T Buy The iPhone X,Unbox Therapy,17.29.11,4090835,185546,47894,4.54,-0.1,1.01,2.65,true
VlOq_4lmpzE,Miz Cracker’s Drag Transformation Tutorial | Allure,Allure,18.06.04,361131,20512,1698,5.68,-0.1,1.66,2.14,true
6mDsa-AqNcQ,India's Geography Problem,Wendover Productions,17.11.12,700994,24370,5870,3.48,-0.11,-0.13,2.14,true
5km8U9K-WLw,H&M slammed for posing black boy in 'monkey' hoodie,USA TODAY,18.12.01,91752,293,1414,0.32,-0.11,-0.59,2.1,true
8d_202l55LU,The FCC repeals its net neutrality rules,Washington Post,17.18.12,1263104,5930,23543,0.47,-0.12,-0.31,4.37,true
8d_202l55LU,The FCC repeals its net neutrality rules,Washington Post,17.17.12,1242998,5884,23297,0.47,-0.12,-0.31,4.31,true
8EK-QMtHhMI,YOUR GOD-AWFUL RESOLUTIONS (plus announcement) (YIAY #390),jacksfilms,18.19.01,1298778,90979,58644,7.0,-0.13,-0.07,2.06,true
8d_202l55LU,The FCC repeals its net neutrality rules,Washington Post,17.16.12,1192501,5707,23426,0.48,-0.14,-0.32,4.34,true
6mDsa-AqNcQ,India's Geography Problem,Wendover Productions,17.10.12,678112,23904,5694,3.53,-0.16,-0.17,2.01,true
wJJqGh2HLM8,Hope Detector | Hyundai NFL Super Bowl LII,HyundaiUSA,18.07.02,6442078,861,356,0.01,-0.16,0.44,2.23,true
v_0WNLAmSaE,Game Theory: FNAF STUMPED Me! (FNAF 6 Ultimate Custom Night),The Game Theorists,18.06.06,3739548,179693,81435,4.81,-0.17,1.46,2.04,true
2kyS6SvSYSE,WE WANT TO TALK ABOUT OUR MARRIAGE,CaseyNeistat,17.15.11,2188590,88099,24225,4.03,-0.17,-0.31,2.37,true
tfREC-AkX20,Why black Americans are getting less sleep,Vox,18.15.04,581136,9055,9649,1.56,-0.17,-0.74,2.06,true
S-4rhjO6xYg,STRANGER THINGS: A Bad Lip Reading,Bad Lip Reading,17.14.12,4487786,241768,18862,5.39,-0.18,0.79,2.56,true
aB-UKwO367s,Film Theory: How Star Wars Theories KILLED Star Wars: The Last Jedi!,The Film Theorists,18.23.01,3568125,123958,36937,3.47,-0.18,0.36,2.18,true
8d_202l55LU,The FCC repeals its net neutrality rules,Washington Post,17.15.12,985179,4870,19843,0.49,-0.21,-0.35,3.58,true
oRSVrtKph_k,BTS Exclusive Interview #BTSonBBCR1,BBC Radio 1,18.20.01,1007920,129819,12163,12.88,-0.21,2.32,3.18,true
HIwirSk4RjE,Thank You So Much.,Guava Juice,18.24.05,1147049,88791,30547,7.74,-0.21,1.07,3.24,true
OwrjBiW3suM,How Pregnancy Is Like Growing an Alien Inside You,SciShow,18.04.03,249243,9590,3116,3.85,-0.23,0.03,2.39,true
VlOq_4lmpzE,Miz Cracker’s Drag Transformation Tutorial | Allure,Allure,18.05.04,343019,19862,1640,5.79,-0.24,1.54,2.03,true
EGV9Ms9EHcg,LIGHTS OUT CHALLENGE IN FAZE RUG'S HAUNTED HOUSE | OmarGoshTV,OmarGoshTV,18.16.05,669681,47011,10314,7.02,-0.24,-0.21,2.07,true
OwrjBiW3suM,How Pregnancy Is Like Growing an Alien Inside You,SciShow,18.03.03,247117,9529,3114,3.86,-0.25,0.02,2.38,true
OGYASOBiU_E,Last Names,Domics,18.30.01,2326176,172597,47828,7.42,-0.25,1.73,3.96,true
TWpt-ze_cYU,"You, but in emojis. (YIAY #375)",jacksfilms,17.18.11,1248432,64410,66471,5.16,-0.26,-0.57,2.58,true
8FqgrgVPvio,Can You Ever Really Change?,vlogbrothers,18.03.01,220181,12096,4746,5.49,-0.27,-0.56,3.56,true
OwrjBiW3suM,How Pregnancy Is Like Growing an Alien Inside You,SciShow,18.02.03,244898,9455,3099,3.86,-0.27,0.0,2.36,true
u0feM_2mLvo,Grilling | Basics with Babish,Binging with Babish,18.08.05,984196,31137,5369,3.16,-0.28,-0.32,3.06,true
2BIx2x-Q2fE,An astonishing old calculator - Numberphile,Numberphile,17.02.12,242385,13681,1075,5.64,-0.28,1.42,2.17,true
OwrjBiW3suM,How Pregnancy Is Like Growing an Alien Inside You,SciShow,18.01.03,242577,9383,3082,3.87,-0.28,-0.02,2.34,true
-4s2MeUgduo,The Weirdest Mystery Tech Yet...,Austin Evans,18.03.04,437732,49907,1455,11.4,-0.3,2.24,-1.02,true
qZHycHI3F1Q,Football vs Soccer Trick Shots | Dude Perfect,Dude Perfect,18.22.02,12948825,552368,51412,4.27,-0.31,0.53,2.58,true
S-4rhjO6xYg,STRANGER THINGS: A Bad Lip Reading,Bad Lip Reading,17.13.12,4032475,226420,17916,5.61,-0.31,0.64,2.32,true
dH4ZXmeEJXs,STRANGERS DO MY MAKEUP ON HOLLYWOOD BOULEVARD,James Charles,18.17.03,2128508,264835,136746,12.44,-0.31,1.26,4.25,true
OwrjBiW3suM,How Pregnancy Is Like Growing an Alien Inside You,SciShow,18.28.02,239508,9310,3060,3.89,-0.31,-0.03,2.32,true
aB-UKwO367s,Film Theory: How Star Wars Theories KILLED Star Wars: The Last Jedi!,The Film Theorists,18.22.01,3309330,119622,36833,3.61,-0.32,0.22,2.17,true
FKiuTRS5R-4,Trump threatens to cut aid over UN Jerusalem vote,Al Jazeera English,17.22.12,52253,584,975,1.12,-0.32,0.64,2.75,true
zJUtRGrvkqM,"Flynn Promised 'Full Cooperation' To Mueller Team, Prepared To Testify | The View",The View,17.02.12,279827,3595,3266,1.28,-0.32,0.1,3.15,true
JFydHaV0klA,"COLLEGE KIDS REACT TO K-POP (BTS, MONSTA X, SEVENTEEN, TWICE, Red Velvet)",FBE,17.26.12,1712048,91867,29828,5.37,-0.32,0.89,2.2,true
OwrjBiW3suM,How Pregnancy Is Like Growing an Alien Inside You,SciShow,18.27.02,235811,9229,3046,3.91,-0.33,-0.05,2.3,true
dH4ZXmeEJXs,STRANGERS DO MY MAKEUP ON HOLLYWOOD BOULEVARD,James Charles,18.16.03,2092853,261707,135344,12.5,-0.33,1.22,4.19,true
OGYASOBiU_E,Last Names,Domics,18.29.01,2280684,170641,47263,7.48,-0.33,1.63,3.89,true
7oRdswHqaf8,EARL GREY MACARONS- The Scran Line,The Scran Line,17.19.11,37376,2093,521,5.6,-0.34,-0.05,2.51,true
WmQR7X9SdeU,Cardi B wants a Grammy,Associated Press,18.30.01,26344,201,279,0.76,-0.34,-0.38,2.41,true
WmQR7X9SdeU,Cardi B wants a Grammy,Associated Press,18.01.02,26839,203,322,0.76,-0.34,-0.38,2.85,true
WmQR7X9SdeU,Cardi B wants a Grammy,Associated Press,18.31.01,26687,203,279,0.76,-0.34,-0.38,2.41,true
-4s2MeUgduo,The Weirdest Mystery Tech Yet...,Austin Evans,18.02.04,433326,49550,1452,11.43,-0.34,2.21,-1.03,true
WmQR7X9SdeU,Cardi B wants a Grammy,Associated Press,18.02.02,26921,204,322,0.76,-0.34,-0.38,2.85,true
dH4ZXmeEJXs,STRANGERS DO MY MAKEUP ON HOLLYWOOD BOULEVARD,James Charles,18.15.03,2058386,258416,133653,12.55,-0.35,1.18,4.13,true
OwrjBiW3suM,How Pregnancy Is Like Growing an Alien Inside You,SciShow,18.26.02,231739,9097,3002,3.93,-0.36,-0.08,2.24,true
0tO_l_Ed5Rs,Matthew Santoro - FACTS (Official Music Video) f. Ellevan & Humble the Poet,MatthewSantoro,17.17.11,393265,16805,8480,4.27,-0.36,1.05,3.27,true
u0feM_2mLvo,Grilling | Basics with Babish,Binging with Babish,18.07.05,957909,30707,5308,3.21,-0.36,-0.37,2.99,true
-4s2MeUgduo,The Weirdest Mystery Tech Yet...,Austin Evans,18.01.04,429247,49232,1444,11.47,-0.37,2.18,-1.04,true
8bNu6Ktj858,Cardi B Sued for $10 Million,The Wendy Williams Show,18.04.05,554305,6184,1321,1.12,-0.37,-0.38,2.95,true
A9YcrloL3oE,Jack,Unbox Therapy,18.28.02,3611833,277570,37011,7.69,-0.37,2.75,1.68,true
dH4ZXmeEJXs,STRANGERS DO MY MAKEUP ON HOLLYWOOD BOULEVARD,James Charles,18.14.03,2024757,254351,131395,12.56,-0.37,1.12,4.05,true
WmQR7X9SdeU,Cardi B wants a Grammy,Associated Press,18.29.01,22588,181,239,0.8,-0.39,-0.4,2.01,true
D5bEwcJ8eCI,Why These Words are Illegal,Half as Interesting,18.07.04,330372,12877,5486,3.9,-0.39,-0.07,2.25,true
A9YcrloL3oE,Jack,Unbox Therapy,18.27.02,3558759,275535,36898,7.74,-0.4,2.71,1.67,true
D5bEwcJ8eCI,Why These Words are Illegal,Half as Interesting,18.06.04,327153,12779,5454,3.91,-0.41,-0.09,2.23,true
0tO_l_Ed5Rs,Matthew Santoro - FACTS (Official Music Video) f. Ellevan & Humble the Poet,MatthewSantoro,17.16.11,381688,16467,8352,4.31,-0.42,0.95,3.2,true
dH4ZXmeEJXs,STRANGERS DO MY MAKEUP ON HOLLYWOOD BOULEVARD,James Charles,18.13.03,1946400,246775,126416,12.68,-0.42,1.03,3.86,true
D5bEwcJ8eCI,Why These Words are Illegal,Half as Interesting,18.05.04,322951,12667,5395,3.92,-0.42,-0.11,2.2,true
-4s2MeUgduo,The Weirdest Mystery Tech Yet...,Austin Evans,18.31.03,424029,48809,1434,11.51,-0.42,2.15,-1.05,true
A9YcrloL3oE,Jack,Unbox Therapy,18.26.02,3497916,273181,36731,7.81,-0.43,2.67,1.65,true
HIwirSk4RjE,Thank You So Much.,Guava Juice,18.23.05,1013774,82732,28982,8.16,-0.43,0.91,3.01,true
D5bEwcJ8eCI,Why These Words are Illegal,Half as Interesting,18.04.04,317745,12519,5305,3.94,-0.44,-0.13,2.14,true
1Znl8OUBa_o,Gucci Gang Country Edition! (Dear Ryan),nigahiga,17.23.12,4631209,280213,40159,6.05,-0.44,-0.35,2.32,true
OGYASOBiU_E,Last Names,Domics,18.28.01,2206970,167642,46345,7.6,-0.45,1.47,3.78,true
Wzvr_rtI82w,The $1000 Smartphone Giveaway!,Marques Brownlee,17.03.12,1316758,147250,39190,11.18,-0.45,3.03,4.28,true
D5bEwcJ8eCI,Why These Words are Illegal,Half as Interesting,18.03.04,314751,12322,5268,3.91,-0.46,-0.17,2.12,true
Gv1xjf8BUrY,CHRIS PRATT is on our Game Show!,Smosh,18.13.06,1188996,73129,9350,6.15,-0.46,1.63,2.86,true
1Znl8OUBa_o,Gucci Gang Country Edition! (Dear Ryan),nigahiga,17.22.12,4498768,276406,39345,6.14,-0.47,-0.38,2.2,true
-4s2MeUgduo,The Weirdest Mystery Tech Yet...,Austin Evans,18.30.03,418681,48424,1428,11.57,-0.47,2.12,-1.06,true
2fGXDFiFBhg,DON'T Buy The iPhone X,Unbox Therapy,17.28.11,3412680,168804,46196,4.95,-0.48,0.69,2.5,true
W86cTIoMv2U,World's smallest cat - Big Cats: Preview - BBC One,BBC,18.12.01,859682,36801,2688,4.28,-0.48,2.64,-0.22,true
7e-uqc8H2BU,What’s driving the deadly protests in Iran?,PBS NewsHour,18.03.01,19238,162,136,0.84,-0.48,-0.49,2.97,true
7e-uqc8H2BU,What’s driving the deadly protests in Iran?,PBS NewsHour,18.04.01,29202,228,196,0.78,-0.48,-0.49,4.39,true
7Bgj9c48zHU,How to do a beauty Vlog for Tarte Cosmetics,Sailor J,17.29.11,119519,13367,4295,11.18,-0.48,-0.07,2.13,true
Wzvr_rtI82w,The $1000 Smartphone Giveaway!,Marques Brownlee,17.02.12,1294511,146020,38826,11.28,-0.49,2.97,4.23,true
7oRdswHqaf8,EARL GREY MACARONS- The Scran Line,The Scran Line,17.18.11,35487,1999,514,5.63,-0.49,-0.22,2.43,true
A9YcrloL3oE,Jack,Unbox Therapy,18.25.02,3406316,269528,36280,7.91,-0.49,2.6,1.61,true
0GQmGOju6CE,THE GHOST IN MY HOUSE - Morgan Adams,Morgan Adams,18.31.01,952677,66539,11284,6.98,-0.5,-0.73,2.09,true
1Znl8OUBa_o,Gucci Gang Country Edition! (Dear Ryan),nigahiga,17.21.12,4353706,271831,38322,6.24,-0.5,-0.41,2.04,true
u0feM_2mLvo,Grilling | Basics with Babish,Binging with Babish,18.06.05,910915,29904,5233,3.28,-0.5,-0.48,2.9,true
SV2sPlDLQtU,Belle Movie CLIP - Rare And Exotic (2014) - Tom Felton Movie HD,Movieclips Coming Soon,17.29.12,97405,391,84,0.4,-0.5,-0.14,2.47,true
dH4ZXmeEJXs,STRANGERS DO MY MAKEUP ON HOLLYWOOD BOULEVARD,James Charles,18.12.03,1812582,231649,116525,12.78,-0.51,0.83,3.5,true
sd80ZipTMDE,$11.99 FOUNDATION VS. $40 FOUNDATION: Who Wins ???,NikkieTutorials,17.30.12,1966994,187947,99980,9.56,-0.51,0.66,2.08,true
-4s2MeUgduo,The Weirdest Mystery Tech Yet...,Austin Evans,18.29.03,412169,47945,1420,11.63,-0.52,2.08,-1.07,true
bV_3HQplzRw,There's Always a Bully,itsAlexClark,18.07.06,721821,41464,8300,5.74,-0.53,0.31,2.35,true
Wzvr_rtI82w,The $1000 Smartphone Giveaway!,Marques Brownlee,17.01.12,1266148,144548,38322,11.42,-0.54,2.91,4.16,true
0tO_l_Ed5Rs,Matthew Santoro - FACTS (Official Music Video) f. Ellevan & Humble the Poet,MatthewSantoro,17.15.11,360223,15873,7803,4.41,-0.54,0.78,2.9,true
bV_3HQplzRw,There's Always a Bully,itsAlexClark,18.06.06,712526,41090,8222,5.77,-0.55,0.29,2.3,true
8FqgrgVPvio,Can You Ever Really Change?,vlogbrothers,18.02.01,202055,11497,4613,5.69,-0.56,-0.64,3.41,true
hn4mxYDmWgo,Conan’s Haitian History Lesson  - CONAN on TBS,Team Coco,18.03.02,786781,19697,4099,2.5,-0.56,-0.23,2.9,true
7Bgj9c48zHU,How to do a beauty Vlog for Tarte Cosmetics,Sailor J,17.28.11,113204,12869,4197,11.37,-0.56,-0.15,2.04,true
JpoUN_A12Eg,Top 10 Worst Reasons You Hated The Last Jedi,Jenny Nicholson,18.09.01,147740,11601,6440,7.85,-0.57,0.06,2.79,true
A9YcrloL3oE,Jack,Unbox Therapy,18.24.02,3239660,262437,36404,8.1,-0.58,2.47,1.62,true
D818vkK10UQ,YOGA CHALLENGE WITH TOM DALEY **Got Tasty**,Nile Wilson,17.20.11,291062,10211,635,3.51,-0.59,-0.77,2.73,true
bV_3HQplzRw,There's Always a Bully,itsAlexClark,18.05.06,693867,40356,8055,5.82,-0.59,0.25,2.2,true
TWpt-ze_cYU,"You, but in emojis. (YIAY #375)",jacksfilms,17.17.11,1117510,61075,64506,5.47,-0.6,-0.64,2.45,true
-4s2MeUgduo,The Weirdest Mystery Tech Yet...,Austin Evans,18.28.03,403424,47303,1404,11.73,-0.6,2.03,-1.09,true
gw82GrEt370,DIY STUDY HACKS! How To Be PRODUCTIVE After School + Study Tips to Get BETTER GRADES!,Natalies Outlet,18.13.01,1537598,160171,40823,10.42,-0.6,-0.24,2.82,true
bV_3HQplzRw,There's Always a Bully,itsAlexClark,18.04.06,676208,39771,7902,5.88,-0.62,0.22,2.11,true
OGYASOBiU_E,Last Names,Domics,18.27.01,2105929,163278,44541,7.75,-0.63,1.24,3.57,true
7oRdswHqaf8,EARL GREY MACARONS- The Scran Line,The Scran Line,17.17.11,33738,1933,491,5.73,-0.63,-0.34,2.2,true
Wzvr_rtI82w,The $1000 Smartphone Giveaway!,Marques Brownlee,17.30.11,1213013,140942,37037,11.62,-0.63,2.75,3.97,true
sd80ZipTMDE,$11.99 FOUNDATION VS. $40 FOUNDATION: Who Wins ???,NikkieTutorials,17.29.12,1858861,182062,97560,9.79,-0.67,0.56,2.01,true
CV3SaepBEYI,EVERY FART EVER,Smosh,18.05.04,1067802,42552,10165,3.99,-0.68,-0.43,3.31,true
bV_3HQplzRw,There's Always a Bully,itsAlexClark,18.03.06,647902,38790,7748,5.99,-0.68,0.17,2.02,true
E60w-0q8Y0Y,"It's true, wife and I are getting a divorce.  Here's whats next for us.",boogie2988,17.22.12,1761509,141412,15847,8.03,-0.69,-0.38,2.26,true
02N508BDngc,How To Make a Giant Flaming Vortex Fountain,The King of Random,18.06.01,611827,29669,4742,4.85,-0.7,2.25,0.83,true
JpoUN_A12Eg,Top 10 Worst Reasons You Hated The Last Jedi,Jenny Nicholson,18.08.01,129714,10877,5766,8.39,-0.7,-0.06,2.3,true
lG8fWx982Qs,I Got A New Puppy,CrazyRussianHacker,18.14.06,765096,33969,7333,4.44,-0.71,0.54,2.49,true
HIwirSk4RjE,Thank You So Much.,Guava Juice,18.22.05,837266,73377,26488,8.76,-0.71,0.65,2.64,true
0tO_l_Ed5Rs,Matthew Santoro - FACTS (Official Music Video) f. Ellevan & Humble the Poet,MatthewSantoro,17.14.11,328330,15186,7484,4.63,-0.72,0.58,2.73,true
dH4ZXmeEJXs,STRANGERS DO MY MAKEUP ON HOLLYWOOD BOULEVARD,James Charles,18.11.03,1469234,186009,82422,12.66,-0.73,0.24,2.23,true
lG8fWx982Qs,I Got A New Puppy,CrazyRussianHacker,18.13.06,756716,33787,7311,4.46,-0.73,0.52,2.48,true
u0feM_2mLvo,Grilling | Basics with Babish,Binging with Babish,18.05.05,833027,28696,5033,3.44,-0.74,-0.63,2.67,true
lG8fWx982Qs,I Got A New Puppy,CrazyRussianHacker,18.12.06,747905,33599,7281,4.49,-0.75,0.51,2.46,true
CV3SaepBEYI,EVERY FART EVER,Smosh,18.04.04,1028944,41638,10025,4.05,-0.75,-0.49,3.23,true
A9YcrloL3oE,Jack,Unbox Therapy,18.23.02,2911713,247646,34728,8.51,-0.77,2.19,1.47,true
lG8fWx982Qs,I Got A New Puppy,CrazyRussianHacker,18.11.06,739599,33409,7265,4.52,-0.77,0.49,2.45,true
lG8fWx982Qs,I Got A New Puppy,CrazyRussianHacker,18.10.06,735127,33315,7250,4.53,-0.78,0.49,2.44,true
qZHycHI3F1Q,Football vs Soccer Trick Shots | Dude Perfect,Dude Perfect,18.21.02,10929365,508108,47234,4.65,-0.79,0.27,2.06,true
iMYc9Anz1v0,College Advice from Harvard & UC Berkeley Grads! 🎓,Joan Kim,18.18.01,63323,4219,654,6.66,-0.81,-0.56,2.34,true
OGYASOBiU_E,Last Names,Domics,18.26.01,1992687,157620,43083,7.91,-0.82,0.94,3.4,true
lG8fWx982Qs,I Got A New Puppy,CrazyRussianHacker,18.09.06,719786,33020,7218,4.59,-0.82,0.46,2.42,true
IyRRk3wgKMo,LOOK AT WHAT HE TURNED ME INTO... (ft. James Charles),FaZe Rug,18.21.01,1820406,144960,62110,7.96,-0.84,1.09,2.86,true
7oRdswHqaf8,EARL GREY MACARONS- The Scran Line,The Scran Line,17.16.11,31076,1814,523,5.84,-0.84,-0.56,2.53,true
lG8fWx982Qs,I Got A New Puppy,CrazyRussianHacker,18.08.06,704636,32706,7178,4.64,-0.85,0.44,2.39,true
nfbwPTsowEA,Dont Hurt Me.,Rclbeauty101,17.20.11,602682,47008,4520,7.8,-0.85,-0.64,2.35,true
CV3SaepBEYI,EVERY FART EVER,Smosh,18.03.04,968101,40279,9674,4.16,-0.86,-0.59,3.04,true
36QMyiRAv-Y,Jaiden & Boyinaband - Empty (Official Music Video),Jaiden Animations,18.11.06,2635506,325638,93258,12.36,-0.86,2.23,2.31,true
tyjVu_IFKMc,Lauryn Hill: 20 Years Of Relevance,Nerdwriter1,18.30.04,288247,30629,2239,10.63,-0.87,0.32,2.37,true
Wzvr_rtI82w,The $1000 Smartphone Giveaway!,Marques Brownlee,17.29.11,1067141,130253,33693,12.21,-0.88,2.27,3.48,true
tyjVu_IFKMc,Lauryn Hill: 20 Years Of Relevance,Nerdwriter1,18.29.04,284674,30378,2212,10.67,-0.9,0.29,2.3,true
lG8fWx982Qs,I Got A New Puppy,CrazyRussianHacker,18.07.06,679046,32115,7089,4.73,-0.91,0.39,2.34,true
tyjVu_IFKMc,Lauryn Hill: 20 Years Of Relevance,Nerdwriter1,18.28.04,281215,30140,2195,10.72,-0.92,0.26,2.25,true
tyjVu_IFKMc,Lauryn Hill: 20 Years Of Relevance,Nerdwriter1,18.27.04,276931,29784,2189,10.76,-0.95,0.21,2.24,true
tyjVu_IFKMc,Lauryn Hill: 20 Years Of Relevance,Nerdwriter1,18.26.04,272122,29376,2184,10.8,-0.98,0.16,2.23,true
lG8fWx982Qs,I Got A New Puppy,CrazyRussianHacker,18.06.06,647844,31417,6979,4.85,-0.98,0.33,2.27,true
CvqtJTrsKCE,BREAKUP ADVICE WITH MY EX!,Cammie Scott,18.16.04,434641,24903,2090,5.73,-0.99,-0.91,2.89,true
EbbL8NhdTQE,HUGE problem at the new house...,Tanner Fox,18.19.04,1114370,21297,2305,1.91,-1.0,-1.11,2.77,true
8FqgrgVPvio,Can You Ever Really Change?,vlogbrothers,18.01.01,173440,10639,4357,6.13,-1.01,-0.77,3.12,true
IyRRk3wgKMo,LOOK AT WHAT HE TURNED ME INTO... (ft. James Charles),FaZe Rug,18.20.01,1718705,139373,60553,8.11,-1.02,0.86,2.75,true
g0xVbwXs9jo,HOW TO: YOUTUBE BEAUTY LIGHTING SECRETS | DESI PERKINS,Desi Perkins,18.09.02,372894,39649,4369,10.63,-1.05,1.75,2.33,true
uPyLIBSVrMw,My Dad Paints My Nails (he doesn't know what YouTube is),Simply Nailogical,17.30.11,1686243,133400,23864,7.91,-1.06,0.62,2.06,true
lG8fWx982Qs,I Got A New Puppy,CrazyRussianHacker,18.05.06,581221,29336,6708,5.05,-1.14,0.16,2.09,true
uPyLIBSVrMw,My Dad Paints My Nails (he doesn't know what YouTube is),Simply Nailogical,17.29.11,1640383,131420,23631,8.01,-1.16,0.54,2.01,true
g0xVbwXs9jo,HOW TO: YOUTUBE BEAUTY LIGHTING SECRETS | DESI PERKINS,Desi Perkins,18.08.02,359744,38801,4330,10.79,-1.16,1.61,2.29,true
g0xVbwXs9jo,HOW TO: YOUTUBE BEAUTY LIGHTING SECRETS | DESI PERKINS,Desi Perkins,18.07.02,343203,37647,4264,10.97,-1.3,1.42,2.21,true
CV3SaepBEYI,EVERY FART EVER,Smosh,18.02.04,687399,33138,7908,4.82,-1.36,-1.07,2.06,true
IyRRk3wgKMo,LOOK AT WHAT HE TURNED ME INTO... (ft. James Charles),FaZe Rug,18.19.01,1513869,127793,55251,8.44,-1.37,0.37,2.37,true
36QMyiRAv-Y,Jaiden & Boyinaband - Empty (Official Music Video),Jaiden Animations,18.10.06,2338402,307354,87691,13.14,-1.41,1.85,2.04,true
OGYASOBiU_E,Last Names,Domics,18.25.01,1638560,141142,38339,8.61,-1.43,0.07,2.83,true
8FqgrgVPvio,Can You Ever Really Change?,vlogbrothers,17.31.12,143088,9655,4071,6.75,-1.49,-0.9,2.79,true
8KaKWPJq5dY,OUR SECRET FAN FICTIONS?! - Truth Bombs #2!,DanAndPhilGAMES,17.09.12,580796,74565,9685,12.84,-1.73,-1.77,2.02,true
Mfiim71QdYQ,Obama arrives for jury duty at Daley Center,Chicago Sun-Times,17.14.11,33768,426,550,1.26,-1.75,2.21,-1.81,true
aBL027wEtg8,Mariah Carey - Live At Dick Clark's New Year's Rockin' Eve 2018!,mariahxlambily,18.03.01,878841,9365,4209,1.07,-1.96,2.27,-2.0,true
E2qtPth2W6w,Killer Food Taste Test,Good Mythical MORE,18.05.05,359547,8543,809,2.38,-2.03,-0.87,2.63,true
uGwcNjWrgaU,Why Are Fat People a Joke?,LoeyLane,18.24.01,104407,5233,1895,5.01,-2.13,2.27,0.2,true
A6-P1-xxF9Y,American Influencer Awards 2017,AIA awards,17.20.11,66888,1098,313,1.64,-2.21,-2.14,2.27,true
WIWb8f1WIyQ,"PART 1 | Gwen Stefani with Blake Shelton | Instagram | December 24, 2017 | Christmas Eve with family",Famous Celebrities Snaps,17.25.12,5751,89,58,1.55,-2.63,3.02,-2.9,true